gender,country,birth_year,ranking_senior,ranking_youth,ranking_points_senior,ranking_points_youth,ranking_points_senior_std,ranking_points_youth_std,players_lic,players_lic_log_std,nr_youth,nr_senior,nr_youth_std
Men,Austria,1988,32,NA,172.6,0,0.1726,0.007042253521126761,13920,0.5784928952582222,14,2,-0.08163364760086513
Men,Austria,1989,32,NA,172.6,0,0.1726,0.007042253521126761,13920,0.5784928952582222,14,0,-0.08163364760086513
Men,Austria,1990,32,NA,172.6,0,0.1726,0.007042253521126761,13920,0.5784928952582222,13,5,-0.3741542181706313
Men,Austria,1991,32,NA,172.6,0,0.1726,0.007042253521126761,13920,0.5784928952582222,15,4,0.21088692296890107
Men,Austria,1992,32,NA,172.6,0,0.1726,0.007042253521126761,13920,0.5784928952582222,16,4,0.5034074935386673
Men,Austria,1993,32,NA,172.6,0,0.1726,0.007042253521126761,13920,0.5784928952582222,11,1,-0.9591953593101638
Men,Austria,1994,32,NA,172.6,0,0.1726,0.007042253521126761,13920,0.5784928952582222,18,1,1.0884486346781996
Men,Austria,1995,32,NA,172.6,0,0.1726,0.007042253521126761,13920,0.5784928952582222,15,1,0.21088692296890107
Men,Austria,1996,32,NA,172.6,0,0.1726,0.007042253521126761,13920,0.5784928952582222,16,NA,0.5034074935386673
Men,Austria,1997,32,NA,172.6,0,0.1726,0.007042253521126761,13920,0.5784928952582222,13,NA,-0.3741542181706313
Men,Belarus,1991,28,NA,195.8,0,0.1958,0.007042253521126761,4930,0.11104372460129176,13,1,-0.3741542181706313
Men,Belarus,1992,28,NA,195.8,0,0.1958,0.007042253521126761,4930,0.11104372460129176,14,1,-0.08163364760086513
Men,Belarus,1993,28,NA,195.8,0,0.1958,0.007042253521126761,4930,0.11104372460129176,12,1,-0.6666747887403975
Men,Belarus,1994,28,NA,195.8,0,0.1958,0.007042253521126761,4930,0.11104372460129176,14,0,-0.08163364760086513
Men,Belarus,1995,28,NA,195.8,0,0.1958,0.007042253521126761,4930,0.11104372460129176,11,2,-0.9591953593101638
Men,Belarus,1996,28,NA,195.8,0,0.1958,0.007042253521126761,4930,0.11104372460129176,13,NA,-0.3741542181706313
Men,Belarus,1997,28,NA,195.8,0,0.1958,0.007042253521126761,4930,0.11104372460129176,15,NA,0.21088692296890107
Men,Belarus,1998,28,NA,195.8,0,0.1958,0.007042253521126761,4930,0.11104372460129176,10,NA,-1.2517159298799299
Men,Belarus,1999,28,NA,195.8,0,0.1958,0.007042253521126761,4930,0.11104372460129176,13,NA,-0.3741542181706313
Men,Belgium,1988,19,NA,281.9,0,0.2819,0.007042253521126761,61809,1.2498870388890206,15,2,0.21088692296890107
Men,Belgium,1989,19,NA,281.9,0,0.2819,0.007042253521126761,61809,1.2498870388890206,18,4,1.0884486346781996
Men,Belgium,1990,19,NA,281.9,0,0.2819,0.007042253521126761,61809,1.2498870388890206,15,3,0.21088692296890107
Men,Belgium,1991,19,NA,281.9,0,0.2819,0.007042253521126761,61809,1.2498870388890206,18,2,1.0884486346781996
Men,Belgium,1992,19,NA,281.9,0,0.2819,0.007042253521126761,61809,1.2498870388890206,17,4,0.7959280641084334
Men,Belgium,1993,19,NA,281.9,0,0.2819,0.007042253521126761,61809,1.2498870388890206,17,2,0.7959280641084334
Men,Belgium,1994,19,NA,281.9,0,0.2819,0.007042253521126761,61809,1.2498870388890206,13,1,-0.3741542181706313
Men,Belgium,1995,19,NA,281.9,0,0.2819,0.007042253521126761,61809,1.2498870388890206,16,4,0.5034074935386673
Men,Belgium,1996,19,NA,281.9,0,0.2819,0.007042253521126761,61809,1.2498870388890206,13,NA,-0.3741542181706313
Men,Belgium,1997,19,NA,281.9,0,0.2819,0.007042253521126761,61809,1.2498870388890206,16,NA,0.5034074935386673
Men,Belgium,1998,19,NA,281.9,0,0.2819,0.007042253521126761,61809,1.2498870388890206,14,NA,-0.08163364760086513
Men,Belgium,1999,19,NA,281.9,0,0.2819,0.007042253521126761,61809,1.2498870388890206,15,NA,0.21088692296890107
Men,Bosnia and Herzegovina,1988,24,11,226.7,110,0.22669999999999998,0.1426056338028169,4034,0.02072281886072977,13,2,-0.3741542181706313
Men,Bosnia and Herzegovina,1989,24,11,226.7,110,0.22669999999999998,0.1426056338028169,4034,0.02072281886072977,15,1,0.21088692296890107
Men,Bosnia and Herzegovina,1990,24,11,226.7,110,0.22669999999999998,0.1426056338028169,4034,0.02072281886072977,17,2,0.7959280641084334
Men,Bosnia and Herzegovina,1991,24,11,226.7,110,0.22669999999999998,0.1426056338028169,4034,0.02072281886072977,19,2,1.3809692052479658
Men,Bosnia and Herzegovina,1992,24,11,226.7,110,0.22669999999999998,0.1426056338028169,4034,0.02072281886072977,15,0,0.21088692296890107
Men,Bosnia and Herzegovina,1995,24,11,226.7,110,0.22669999999999998,0.1426056338028169,4034,0.02072281886072977,14,3,-0.08163364760086513
Men,Bosnia and Herzegovina,1996,24,11,226.7,110,0.22669999999999998,0.1426056338028169,4034,0.02072281886072977,17,NA,0.7959280641084334
Men,Bosnia and Herzegovina,1997,24,11,226.7,110,0.22669999999999998,0.1426056338028169,4034,0.02072281886072977,15,NA,0.21088692296890107
Men,Bulgaria,1988,27,NA,204.6,0,0.2046,0.007042253521126761,1222,-0.5169177090663103,15,5,0.21088692296890107
Men,Bulgaria,1989,27,NA,204.6,0,0.2046,0.007042253521126761,1222,-0.5169177090663103,17,3,0.7959280641084334
Men,Bulgaria,1990,27,NA,204.6,0,0.2046,0.007042253521126761,1222,-0.5169177090663103,12,3,-0.6666747887403975
Men,Bulgaria,1991,27,NA,204.6,0,0.2046,0.007042253521126761,1222,-0.5169177090663103,13,1,-0.3741542181706313
Men,Bulgaria,1992,27,NA,204.6,0,0.2046,0.007042253521126761,1222,-0.5169177090663103,15,0,0.21088692296890107
Men,Bulgaria,1993,27,NA,204.6,0,0.2046,0.007042253521126761,1222,-0.5169177090663103,14,3,-0.08163364760086513
Men,Bulgaria,1994,27,NA,204.6,0,0.2046,0.007042253521126761,1222,-0.5169177090663103,14,3,-0.08163364760086513
Men,Bulgaria,1995,27,NA,204.6,0,0.2046,0.007042253521126761,1222,-0.5169177090663103,15,2,0.21088692296890107
Men,Bulgaria,1996,27,NA,204.6,0,0.2046,0.007042253521126761,1222,-0.5169177090663103,14,NA,-0.08163364760086513
Men,Bulgaria,1997,27,NA,204.6,0,0.2046,0.007042253521126761,1222,-0.5169177090663103,12,NA,-0.6666747887403975
Men,Bulgaria,1998,27,NA,204.6,0,0.2046,0.007042253521126761,1222,-0.5169177090663103,12,NA,-0.6666747887403975
Men,Bulgaria,1999,27,NA,204.6,0,0.2046,0.007042253521126761,1222,-0.5169177090663103,16,NA,0.5034074935386673
Men,Croatia,1988,10,6,522.4,220,0.5224,0.27816901408450706,12780,0.5400113823514145,18,1,1.0884486346781996
Men,Croatia,1989,10,6,522.4,220,0.5224,0.27816901408450706,12780,0.5400113823514145,20,2,1.673489775817732
Men,Croatia,1990,10,6,522.4,220,0.5224,0.27816901408450706,12780,0.5400113823514145,17,2,0.7959280641084334
Men,Croatia,1991,10,6,522.4,220,0.5224,0.27816901408450706,12780,0.5400113823514145,19,1,1.3809692052479658
Men,Croatia,1992,10,6,522.4,220,0.5224,0.27816901408450706,12780,0.5400113823514145,17,1,0.7959280641084334
Men,Croatia,1993,10,6,522.4,220,0.5224,0.27816901408450706,12780,0.5400113823514145,20,0,1.673489775817732
Men,Croatia,1994,10,6,522.4,220,0.5224,0.27816901408450706,12780,0.5400113823514145,17,2,0.7959280641084334
Men,Croatia,1995,10,6,522.4,220,0.5224,0.27816901408450706,12780,0.5400113823514145,17,1,0.7959280641084334
Men,Croatia,1996,10,6,522.4,220,0.5224,0.27816901408450706,12780,0.5400113823514145,15,NA,0.21088692296890107
Men,Croatia,1997,10,6,522.4,220,0.5224,0.27816901408450706,12780,0.5400113823514145,15,NA,0.21088692296890107
Men,Croatia,1998,10,6,522.4,220,0.5224,0.27816901408450706,12780,0.5400113823514145,15,NA,0.21088692296890107
Men,Croatia,1999,10,6,522.4,220,0.5224,0.27816901408450706,12780,0.5400113823514145,15,NA,0.21088692296890107
Men,Czech Republic,1988,6,19,591.5,19,0.5915,0.03045774647887324,28007,0.8933627966036134,14,1,-0.08163364760086513
Men,Czech Republic,1989,6,19,591.5,19,0.5915,0.03045774647887324,28007,0.8933627966036134,14,3,-0.08163364760086513
Men,Czech Republic,1990,6,19,591.5,19,0.5915,0.03045774647887324,28007,0.8933627966036134,14,3,-0.08163364760086513
Men,Czech Republic,1991,6,19,591.5,19,0.5915,0.03045774647887324,28007,0.8933627966036134,13,1,-0.3741542181706313
Men,Czech Republic,1992,6,19,591.5,19,0.5915,0.03045774647887324,28007,0.8933627966036134,17,3,0.7959280641084334
Men,Czech Republic,1993,6,19,591.5,19,0.5915,0.03045774647887324,28007,0.8933627966036134,17,2,0.7959280641084334
Men,Czech Republic,1994,6,19,591.5,19,0.5915,0.03045774647887324,28007,0.8933627966036134,12,0,-0.6666747887403975
Men,Czech Republic,1995,6,19,591.5,19,0.5915,0.03045774647887324,28007,0.8933627966036134,17,1,0.7959280641084334
Men,Czech Republic,1996,6,19,591.5,19,0.5915,0.03045774647887324,28007,0.8933627966036134,16,NA,0.5034074935386673
Men,Czech Republic,1997,6,19,591.5,19,0.5915,0.03045774647887324,28007,0.8933627966036134,17,NA,0.7959280641084334
Men,Czech Republic,1998,6,19,591.5,19,0.5915,0.03045774647887324,28007,0.8933627966036134,14,NA,-0.08163364760086513
Men,Czech Republic,1999,6,19,591.5,19,0.5915,0.03045774647887324,28007,0.8933627966036134,18,NA,1.0884486346781996
Men,Denmark,1990,33,NA,164.5,0,0.1645,0.007042253521126761,11896,0.5077297736362074,11,3,-0.9591953593101638
Men,Denmark,1991,33,NA,164.5,0,0.1645,0.007042253521126761,11896,0.5077297736362074,13,4,-0.3741542181706313
Men,Denmark,1992,33,NA,164.5,0,0.1645,0.007042253521126761,11896,0.5077297736362074,15,1,0.21088692296890107
Men,Denmark,1993,33,NA,164.5,0,0.1645,0.007042253521126761,11896,0.5077297736362074,13,5,-0.3741542181706313
Men,Denmark,1994,33,NA,164.5,0,0.1645,0.007042253521126761,11896,0.5077297736362074,14,3,-0.08163364760086513
Men,Denmark,1995,33,NA,164.5,0,0.1645,0.007042253521126761,11896,0.5077297736362074,14,3,-0.08163364760086513
Men,Denmark,1996,33,NA,164.5,0,0.1645,0.007042253521126761,11896,0.5077297736362074,12,NA,-0.6666747887403975
Men,Denmark,1997,33,NA,164.5,0,0.1645,0.007042253521126761,11896,0.5077297736362074,17,NA,0.7959280641084334
Men,Estonia,1988,26,17,209.9,25,0.2099,0.037852112676056336,2635,-0.17103152982765896,16,2,0.5034074935386673
Men,Estonia,1989,26,17,209.9,25,0.2099,0.037852112676056336,2635,-0.17103152982765896,15,2,0.21088692296890107
Men,Estonia,1990,26,17,209.9,25,0.2099,0.037852112676056336,2635,-0.17103152982765896,12,3,-0.6666747887403975
Men,Estonia,1991,26,17,209.9,25,0.2099,0.037852112676056336,2635,-0.17103152982765896,18,3,1.0884486346781996
Men,Estonia,1992,26,17,209.9,25,0.2099,0.037852112676056336,2635,-0.17103152982765896,14,1,-0.08163364760086513
Men,Estonia,1993,26,17,209.9,25,0.2099,0.037852112676056336,2635,-0.17103152982765896,12,4,-0.6666747887403975
Men,Estonia,1994,26,17,209.9,25,0.2099,0.037852112676056336,2635,-0.17103152982765896,13,0,-0.3741542181706313
Men,Estonia,1995,26,17,209.9,25,0.2099,0.037852112676056336,2635,-0.17103152982765896,12,1,-0.6666747887403975
Men,Estonia,1996,26,17,209.9,25,0.2099,0.037852112676056336,2635,-0.17103152982765896,13,NA,-0.3741542181706313
Men,Estonia,1997,26,17,209.9,25,0.2099,0.037852112676056336,2635,-0.17103152982765896,10,NA,-1.2517159298799299
Men,Estonia,1998,26,17,209.9,25,0.2099,0.037852112676056336,2635,-0.17103152982765896,13,NA,-0.3741542181706313
Men,Estonia,1999,26,17,209.9,25,0.2099,0.037852112676056336,2635,-0.17103152982765896,14,NA,-0.08163364760086513
Men,Finland,1988,17,14,319.4,75,0.31939999999999996,0.0994718309859155,540,-0.8842820887536518,14,2,-0.08163364760086513
Men,Finland,1989,17,14,319.4,75,0.31939999999999996,0.0994718309859155,540,-0.8842820887536518,20,1,1.673489775817732
Men,Finland,1990,17,14,319.4,75,0.31939999999999996,0.0994718309859155,540,-0.8842820887536518,17,2,0.7959280641084334
Men,Finland,1991,17,14,319.4,75,0.31939999999999996,0.0994718309859155,540,-0.8842820887536518,12,3,-0.6666747887403975
Men,Finland,1992,17,14,319.4,75,0.31939999999999996,0.0994718309859155,540,-0.8842820887536518,16,0,0.5034074935386673
Men,Finland,1993,17,14,319.4,75,0.31939999999999996,0.0994718309859155,540,-0.8842820887536518,15,1,0.21088692296890107
Men,Finland,1994,17,14,319.4,75,0.31939999999999996,0.0994718309859155,540,-0.8842820887536518,18,1,1.0884486346781996
Men,Finland,1995,17,14,319.4,75,0.31939999999999996,0.0994718309859155,540,-0.8842820887536518,15,1,0.21088692296890107
Men,Finland,1996,17,14,319.4,75,0.31939999999999996,0.0994718309859155,540,-0.8842820887536518,14,NA,-0.08163364760086513
Men,Finland,1997,17,14,319.4,75,0.31939999999999996,0.0994718309859155,540,-0.8842820887536518,15,NA,0.21088692296890107
Men,Finland,1998,17,14,319.4,75,0.31939999999999996,0.0994718309859155,540,-0.8842820887536518,11,NA,-0.9591953593101638
Men,Finland,1999,17,14,319.4,75,0.31939999999999996,0.0994718309859155,540,-0.8842820887536518,17,NA,0.7959280641084334
Men,France,1988,3,2,656.5,367,0.6565,0.45933098591549293,546632,2.231626432354104,18,2,1.0884486346781996
Men,France,1989,3,2,656.5,367,0.6565,0.45933098591549293,546632,2.231626432354104,23,4,2.5510514875270305
Men,France,1990,3,2,656.5,367,0.6565,0.45933098591549293,546632,2.231626432354104,23,1,2.5510514875270305
Men,France,1991,3,2,656.5,367,0.6565,0.45933098591549293,546632,2.231626432354104,22,1,2.2585309169572643
Men,France,1992,3,2,656.5,367,0.6565,0.45933098591549293,546632,2.231626432354104,25,6,3.136092628666563
Men,France,1993,3,2,656.5,367,0.6565,0.45933098591549293,546632,2.231626432354104,16,2,0.5034074935386673
Men,France,1994,3,2,656.5,367,0.6565,0.45933098591549293,546632,2.231626432354104,18,2,1.0884486346781996
Men,France,1995,3,2,656.5,367,0.6565,0.45933098591549293,546632,2.231626432354104,22,3,2.2585309169572643
Men,France,1996,3,2,656.5,367,0.6565,0.45933098591549293,546632,2.231626432354104,18,NA,1.0884486346781996
Men,France,1997,3,2,656.5,367,0.6565,0.45933098591549293,546632,2.231626432354104,14,NA,-0.08163364760086513
Men,France,1998,3,2,656.5,367,0.6565,0.45933098591549293,546632,2.231626432354104,20,NA,1.673489775817732
Men,France,1999,3,2,656.5,367,0.6565,0.45933098591549293,546632,2.231626432354104,20,NA,1.673489775817732
Men,Germany,1988,13,9,495.7,112,0.4957,0.14507042253521127,203439,1.7864495434255432,20,4,1.673489775817732
Men,Germany,1989,13,9,495.7,112,0.4957,0.14507042253521127,203439,1.7864495434255432,21,7,1.9660103463874983
Men,Germany,1990,13,9,495.7,112,0.4957,0.14507042253521127,203439,1.7864495434255432,18,2,1.0884486346781996
Men,Germany,1991,13,9,495.7,112,0.4957,0.14507042253521127,203439,1.7864495434255432,20,2,1.673489775817732
Men,Germany,1992,13,9,495.7,112,0.4957,0.14507042253521127,203439,1.7864495434255432,18,3,1.0884486346781996
Men,Germany,1993,13,9,495.7,112,0.4957,0.14507042253521127,203439,1.7864495434255432,21,2,1.9660103463874983
Men,Germany,1994,13,9,495.7,112,0.4957,0.14507042253521127,203439,1.7864495434255432,18,3,1.0884486346781996
Men,Germany,1995,13,9,495.7,112,0.4957,0.14507042253521127,203439,1.7864495434255432,18,3,1.0884486346781996
Men,Germany,1996,13,9,495.7,112,0.4957,0.14507042253521127,203439,1.7864495434255432,12,NA,-0.6666747887403975
Men,Germany,1997,13,9,495.7,112,0.4957,0.14507042253521127,203439,1.7864495434255432,19,NA,1.3809692052479658
Men,Germany,1998,13,9,495.7,112,0.4957,0.14507042253521127,203439,1.7864495434255432,15,NA,0.21088692296890107
Men,Germany,1999,13,9,495.7,112,0.4957,0.14507042253521127,203439,1.7864495434255432,16,NA,0.5034074935386673
Men,Great Britain,1988,22,18,242.7,23,0.2427,0.03538732394366197,21450,0.7732329756599119,20,2,1.673489775817732
Men,Great Britain,1989,22,18,242.7,23,0.2427,0.03538732394366197,21450,0.7732329756599119,19,2,1.3809692052479658
Men,Great Britain,1990,22,18,242.7,23,0.2427,0.03538732394366197,21450,0.7732329756599119,21,2,1.9660103463874983
Men,Great Britain,1991,22,18,242.7,23,0.2427,0.03538732394366197,21450,0.7732329756599119,20,1,1.673489775817732
Men,Great Britain,1992,22,18,242.7,23,0.2427,0.03538732394366197,21450,0.7732329756599119,17,2,0.7959280641084334
Men,Great Britain,1993,22,18,242.7,23,0.2427,0.03538732394366197,21450,0.7732329756599119,19,3,1.3809692052479658
Men,Great Britain,1994,22,18,242.7,23,0.2427,0.03538732394366197,21450,0.7732329756599119,17,1,0.7959280641084334
Men,Great Britain,1995,22,18,242.7,23,0.2427,0.03538732394366197,21450,0.7732329756599119,17,3,0.7959280641084334
Men,Great Britain,1996,22,18,242.7,23,0.2427,0.03538732394366197,21450,0.7732329756599119,16,NA,0.5034074935386673
Men,Great Britain,1997,22,18,242.7,23,0.2427,0.03538732394366197,21450,0.7732329756599119,17,NA,0.7959280641084334
Men,Great Britain,1998,22,18,242.7,23,0.2427,0.03538732394366197,21450,0.7732329756599119,14,NA,-0.08163364760086513
Men,Great Britain,1999,22,18,242.7,23,0.2427,0.03538732394366197,21450,0.7732329756599119,17,NA,0.7959280641084334
Men,Greece,1988,4,8,647.4,158,0.6474,0.2017605633802817,189336,1.754091727543653,12,0,-0.6666747887403975
Men,Greece,1989,4,8,647.4,158,0.6474,0.2017605633802817,189336,1.754091727543653,15,2,0.21088692296890107
Men,Greece,1990,4,8,647.4,158,0.6474,0.2017605633802817,189336,1.754091727543653,13,3,-0.3741542181706313
Men,Greece,1991,4,8,647.4,158,0.6474,0.2017605633802817,189336,1.754091727543653,15,1,0.21088692296890107
Men,Greece,1992,4,8,647.4,158,0.6474,0.2017605633802817,189336,1.754091727543653,18,0,1.0884486346781996
Men,Greece,1993,4,8,647.4,158,0.6474,0.2017605633802817,189336,1.754091727543653,13,1,-0.3741542181706313
Men,Greece,1994,4,8,647.4,158,0.6474,0.2017605633802817,189336,1.754091727543653,20,4,1.673489775817732
Men,Greece,1995,4,8,647.4,158,0.6474,0.2017605633802817,189336,1.754091727543653,14,0,-0.08163364760086513
Men,Greece,1996,4,8,647.4,158,0.6474,0.2017605633802817,189336,1.754091727543653,10,NA,-1.2517159298799299
Men,Greece,1997,4,8,647.4,158,0.6474,0.2017605633802817,189336,1.754091727543653,16,NA,0.5034074935386673
Men,Greece,1998,4,8,647.4,158,0.6474,0.2017605633802817,189336,1.754091727543653,13,NA,-0.3741542181706313
Men,Greece,1999,4,8,647.4,158,0.6474,0.2017605633802817,189336,1.754091727543653,20,NA,1.673489775817732
Men,Hungary,1988,20,NA,262.2,0,0.2622,0.007042253521126761,26360,0.8660665988931259,17,1,0.7959280641084334
Men,Hungary,1989,20,NA,262.2,0,0.2622,0.007042253521126761,26360,0.8660665988931259,19,4,1.3809692052479658
Men,Hungary,1990,20,NA,262.2,0,0.2622,0.007042253521126761,26360,0.8660665988931259,18,1,1.0884486346781996
Men,Hungary,1991,20,NA,262.2,0,0.2622,0.007042253521126761,26360,0.8660665988931259,13,1,-0.3741542181706313
Men,Hungary,1992,20,NA,262.2,0,0.2622,0.007042253521126761,26360,0.8660665988931259,16,2,0.5034074935386673
Men,Hungary,1993,20,NA,262.2,0,0.2622,0.007042253521126761,26360,0.8660665988931259,18,2,1.0884486346781996
Men,Hungary,1994,20,NA,262.2,0,0.2622,0.007042253521126761,26360,0.8660665988931259,20,0,1.673489775817732
Men,Hungary,1995,20,NA,262.2,0,0.2622,0.007042253521126761,26360,0.8660665988931259,19,3,1.3809692052479658
Men,Hungary,1996,20,NA,262.2,0,0.2622,0.007042253521126761,26360,0.8660665988931259,17,NA,0.7959280641084334
Men,Hungary,1997,20,NA,262.2,0,0.2622,0.007042253521126761,26360,0.8660665988931259,13,NA,-0.3741542181706313
Men,Hungary,1998,20,NA,262.2,0,0.2622,0.007042253521126761,26360,0.8660665988931259,20,NA,1.673489775817732
Men,Hungary,1999,20,NA,262.2,0,0.2622,0.007042253521126761,26360,0.8660665988931259,15,NA,0.21088692296890107
Men,Iceland,1988,25,NA,218.2,0,0.21819999999999998,0.007042253521126761,4766,0.09580915902109524,10,3,-1.2517159298799299
Men,Iceland,1992,25,NA,218.2,0,0.21819999999999998,0.007042253521126761,4766,0.09580915902109524,10,1,-1.2517159298799299
Men,Iceland,1997,25,NA,218.2,0,0.21819999999999998,0.007042253521126761,4766,0.09580915902109524,9,NA,-1.544236500449696
Men,Iceland,1998,25,NA,218.2,0,0.21819999999999998,0.007042253521126761,4766,0.09580915902109524,10,NA,-1.2517159298799299
Men,Iceland,1999,25,NA,218.2,0,0.21819999999999998,0.007042253521126761,4766,0.09580915902109524,17,NA,0.7959280641084334
Men,Ireland,1988,44,NA,90,0,0.09,0.007042253521126761,11692,0.49993972703917805,18,0,1.0884486346781996
Men,Ireland,1989,44,NA,90,0,0.09,0.007042253521126761,11692,0.49993972703917805,19,0,1.3809692052479658
Men,Ireland,1990,44,NA,90,0,0.09,0.007042253521126761,11692,0.49993972703917805,16,0,0.5034074935386673
Men,Ireland,1997,44,NA,90,0,0.09,0.007042253521126761,11692,0.49993972703917805,20,NA,1.673489775817732
Men,Ireland,1998,44,NA,90,0,0.09,0.007042253521126761,11692,0.49993972703917805,15,NA,0.21088692296890107
Men,Ireland,1999,44,NA,90,0,0.09,0.007042253521126761,11692,0.49993972703917805,14,NA,-0.08163364760086513
Men,Israel,1988,21,16,245.7,33,0.2457,0.04771126760563381,22359,0.7919255902136282,16,2,0.5034074935386673
Men,Israel,1989,21,16,245.7,33,0.2457,0.04771126760563381,22359,0.7919255902136282,17,0,0.7959280641084334
Men,Israel,1990,21,16,245.7,33,0.2457,0.04771126760563381,22359,0.7919255902136282,17,1,0.7959280641084334
Men,Israel,1991,21,16,245.7,33,0.2457,0.04771126760563381,22359,0.7919255902136282,15,0,0.21088692296890107
Men,Israel,1992,21,16,245.7,33,0.2457,0.04771126760563381,22359,0.7919255902136282,17,2,0.7959280641084334
Men,Israel,1993,21,16,245.7,33,0.2457,0.04771126760563381,22359,0.7919255902136282,18,1,1.0884486346781996
Men,Israel,1994,21,16,245.7,33,0.2457,0.04771126760563381,22359,0.7919255902136282,17,3,0.7959280641084334
Men,Israel,1995,21,16,245.7,33,0.2457,0.04771126760563381,22359,0.7919255902136282,19,4,1.3809692052479658
Men,Israel,1996,21,16,245.7,33,0.2457,0.04771126760563381,22359,0.7919255902136282,14,NA,-0.08163364760086513
Men,Israel,1997,21,16,245.7,33,0.2457,0.04771126760563381,22359,0.7919255902136282,15,NA,0.21088692296890107
Men,Israel,1998,21,16,245.7,33,0.2457,0.04771126760563381,22359,0.7919255902136282,14,NA,-0.08163364760086513
Men,Israel,1999,21,16,245.7,33,0.2457,0.04771126760563381,22359,0.7919255902136282,15,NA,0.21088692296890107
Men,Italy,1988,8,7,577.9,202,0.5779,0.25598591549295774,109862,1.5089423234468073,20,3,1.673489775817732
Men,Italy,1989,8,7,577.9,202,0.5779,0.25598591549295774,109862,1.5089423234468073,24,2,2.8435720580967967
Men,Italy,1990,8,7,577.9,202,0.5779,0.25598591549295774,109862,1.5089423234468073,20,1,1.673489775817732
Men,Italy,1991,8,7,577.9,202,0.5779,0.25598591549295774,109862,1.5089423234468073,18,5,1.0884486346781996
Men,Italy,1992,8,7,577.9,202,0.5779,0.25598591549295774,109862,1.5089423234468073,18,1,1.0884486346781996
Men,Italy,1993,8,7,577.9,202,0.5779,0.25598591549295774,109862,1.5089423234468073,24,3,2.8435720580967967
Men,Italy,1994,8,7,577.9,202,0.5779,0.25598591549295774,109862,1.5089423234468073,16,1,0.5034074935386673
Men,Italy,1995,8,7,577.9,202,0.5779,0.25598591549295774,109862,1.5089423234468073,20,3,1.673489775817732
Men,Italy,1996,8,7,577.9,202,0.5779,0.25598591549295774,109862,1.5089423234468073,16,NA,0.5034074935386673
Men,Italy,1997,8,7,577.9,202,0.5779,0.25598591549295774,109862,1.5089423234468073,17,NA,0.7959280641084334
Men,Italy,1998,8,7,577.9,202,0.5779,0.25598591549295774,109862,1.5089423234468073,18,NA,1.0884486346781996
Men,Italy,1999,8,7,577.9,202,0.5779,0.25598591549295774,109862,1.5089423234468073,15,NA,0.21088692296890107
Men,Latvia,1988,15,10,382.2,112,0.3822,0.14507042253521127,4175,0.03619290589003448,15,4,0.21088692296890107
Men,Latvia,1989,15,10,382.2,112,0.3822,0.14507042253521127,4175,0.03619290589003448,14,3,-0.08163364760086513
Men,Latvia,1990,15,10,382.2,112,0.3822,0.14507042253521127,4175,0.03619290589003448,16,1,0.5034074935386673
Men,Latvia,1991,15,10,382.2,112,0.3822,0.14507042253521127,4175,0.03619290589003448,20,3,1.673489775817732
Men,Latvia,1992,15,10,382.2,112,0.3822,0.14507042253521127,4175,0.03619290589003448,18,2,1.0884486346781996
Men,Latvia,1993,15,10,382.2,112,0.3822,0.14507042253521127,4175,0.03619290589003448,18,5,1.0884486346781996
Men,Latvia,1994,15,10,382.2,112,0.3822,0.14507042253521127,4175,0.03619290589003448,14,0,-0.08163364760086513
Men,Latvia,1995,15,10,382.2,112,0.3822,0.14507042253521127,4175,0.03619290589003448,15,3,0.21088692296890107
Men,Latvia,1996,15,10,382.2,112,0.3822,0.14507042253521127,4175,0.03619290589003448,12,NA,-0.6666747887403975
Men,Latvia,1997,15,10,382.2,112,0.3822,0.14507042253521127,4175,0.03619290589003448,15,NA,0.21088692296890107
Men,Latvia,1998,15,10,382.2,112,0.3822,0.14507042253521127,4175,0.03619290589003448,16,NA,0.5034074935386673
Men,Latvia,1999,15,10,382.2,112,0.3822,0.14507042253521127,4175,0.03619290589003448,11,NA,-0.9591953593101638
Men,Lithuania,1988,5,3,635.2,339,0.6352000000000001,0.42482394366197185,8396,0.3508056100010526,19,1,1.3809692052479658
Men,Lithuania,1989,5,3,635.2,339,0.6352000000000001,0.42482394366197185,8396,0.3508056100010526,15,3,0.21088692296890107
Men,Lithuania,1990,5,3,635.2,339,0.6352000000000001,0.42482394366197185,8396,0.3508056100010526,19,1,1.3809692052479658
Men,Lithuania,1991,5,3,635.2,339,0.6352000000000001,0.42482394366197185,8396,0.3508056100010526,17,0,0.7959280641084334
Men,Lithuania,1992,5,3,635.2,339,0.6352000000000001,0.42482394366197185,8396,0.3508056100010526,19,4,1.3809692052479658
Men,Lithuania,1993,5,3,635.2,339,0.6352000000000001,0.42482394366197185,8396,0.3508056100010526,21,2,1.9660103463874983
Men,Lithuania,1994,5,3,635.2,339,0.6352000000000001,0.42482394366197185,8396,0.3508056100010526,18,3,1.0884486346781996
Men,Lithuania,1995,5,3,635.2,339,0.6352000000000001,0.42482394366197185,8396,0.3508056100010526,23,1,2.5510514875270305
Men,Lithuania,1996,5,3,635.2,339,0.6352000000000001,0.42482394366197185,8396,0.3508056100010526,18,NA,1.0884486346781996
Men,Lithuania,1997,5,3,635.2,339,0.6352000000000001,0.42482394366197185,8396,0.3508056100010526,17,NA,0.7959280641084334
Men,Lithuania,1998,5,3,635.2,339,0.6352000000000001,0.42482394366197185,8396,0.3508056100010526,18,NA,1.0884486346781996
Men,Lithuania,1999,5,3,635.2,339,0.6352000000000001,0.42482394366197185,8396,0.3508056100010526,17,NA,0.7959280641084334
Men,Luxembourg,1989,39,NA,110.9,0,0.11090000000000001,0.007042253521126761,2530,-0.18933939190586085,11,5,-0.9591953593101638
Men,Luxembourg,1990,39,NA,110.9,0,0.11090000000000001,0.007042253521126761,2530,-0.18933939190586085,13,4,-0.3741542181706313
Men,Luxembourg,1992,39,NA,110.9,0,0.11090000000000001,0.007042253521126761,2530,-0.18933939190586085,13,1,-0.3741542181706313
Men,Luxembourg,1993,39,NA,110.9,0,0.11090000000000001,0.007042253521126761,2530,-0.18933939190586085,10,2,-1.2517159298799299
Men,Luxembourg,1994,39,NA,110.9,0,0.11090000000000001,0.007042253521126761,2530,-0.18933939190586085,12,3,-0.6666747887403975
Men,Luxembourg,1995,39,NA,110.9,0,0.11090000000000001,0.007042253521126761,2530,-0.18933939190586085,15,3,0.21088692296890107
Men,Luxembourg,1996,39,NA,110.9,0,0.11090000000000001,0.007042253521126761,2530,-0.18933939190586085,14,NA,-0.08163364760086513
Men,Luxembourg,1997,39,NA,110.9,0,0.11090000000000001,0.007042253521126761,2530,-0.18933939190586085,11,NA,-0.9591953593101638
Men,Luxembourg,1998,39,NA,110.9,0,0.11090000000000001,0.007042253521126761,2530,-0.18933939190586085,12,NA,-0.6666747887403975
Men,Luxembourg,1999,39,NA,110.9,0,0.11090000000000001,0.007042253521126761,2530,-0.18933939190586085,13,NA,-0.3741542181706313
Men,Montenegro,1991,14,13,391.4,103,0.39139999999999997,0.13397887323943664,2268,-0.2385568202937822,16,2,0.5034074935386673
Men,Montenegro,1992,14,13,391.4,103,0.39139999999999997,0.13397887323943664,2268,-0.2385568202937822,19,2,1.3809692052479658
Men,Montenegro,1993,14,13,391.4,103,0.39139999999999997,0.13397887323943664,2268,-0.2385568202937822,13,1,-0.3741542181706313
Men,Montenegro,1994,14,13,391.4,103,0.39139999999999997,0.13397887323943664,2268,-0.2385568202937822,15,1,0.21088692296890107
Men,Montenegro,1995,14,13,391.4,103,0.39139999999999997,0.13397887323943664,2268,-0.2385568202937822,13,0,-0.3741542181706313
Men,Montenegro,1996,14,13,391.4,103,0.39139999999999997,0.13397887323943664,2268,-0.2385568202937822,17,NA,0.7959280641084334
Men,Montenegro,1997,14,13,391.4,103,0.39139999999999997,0.13397887323943664,2268,-0.2385568202937822,13,NA,-0.3741542181706313
Men,Montenegro,1998,14,13,391.4,103,0.39139999999999997,0.13397887323943664,2268,-0.2385568202937822,14,NA,-0.08163364760086513
Men,Montenegro,1999,14,13,391.4,103,0.39139999999999997,0.13397887323943664,2268,-0.2385568202937822,15,NA,0.21088692296890107
Men,Netherlands,1988,23,22,231.2,8,0.2312,0.016901408450704227,29348,0.9144271679533807,18,2,1.0884486346781996
Men,Netherlands,1989,23,22,231.2,8,0.2312,0.016901408450704227,29348,0.9144271679533807,17,3,0.7959280641084334
Men,Netherlands,1990,23,22,231.2,8,0.2312,0.016901408450704227,29348,0.9144271679533807,19,5,1.3809692052479658
Men,Netherlands,1991,23,22,231.2,8,0.2312,0.016901408450704227,29348,0.9144271679533807,19,2,1.3809692052479658
Men,Netherlands,1992,23,22,231.2,8,0.2312,0.016901408450704227,29348,0.9144271679533807,16,0,0.5034074935386673
Men,Netherlands,1993,23,22,231.2,8,0.2312,0.016901408450704227,29348,0.9144271679533807,19,3,1.3809692052479658
Men,Netherlands,1994,23,22,231.2,8,0.2312,0.016901408450704227,29348,0.9144271679533807,12,4,-0.6666747887403975
Men,Netherlands,1995,23,22,231.2,8,0.2312,0.016901408450704227,29348,0.9144271679533807,19,2,1.3809692052479658
Men,Netherlands,1996,23,22,231.2,8,0.2312,0.016901408450704227,29348,0.9144271679533807,15,NA,0.21088692296890107
Men,Netherlands,1997,23,22,231.2,8,0.2312,0.016901408450704227,29348,0.9144271679533807,20,NA,1.673489775817732
Men,Netherlands,1998,23,22,231.2,8,0.2312,0.016901408450704227,29348,0.9144271679533807,16,NA,0.5034074935386673
Men,Netherlands,1999,23,22,231.2,8,0.2312,0.016901408450704227,29348,0.9144271679533807,15,NA,0.21088692296890107
Men,North Macedonia,1988,29,23,187.6,7,0.1876,0.015669014084507042,2239,-0.24435045025662328,15,2,0.21088692296890107
Men,North Macedonia,1989,29,23,187.6,7,0.1876,0.015669014084507042,2239,-0.24435045025662328,14,3,-0.08163364760086513
Men,North Macedonia,1992,29,23,187.6,7,0.1876,0.015669014084507042,2239,-0.24435045025662328,12,0,-0.6666747887403975
Men,North Macedonia,1995,29,23,187.6,7,0.1876,0.015669014084507042,2239,-0.24435045025662328,12,2,-0.6666747887403975
Men,North Macedonia,1996,29,23,187.6,7,0.1876,0.015669014084507042,2239,-0.24435045025662328,14,NA,-0.08163364760086513
Men,North Macedonia,1997,29,23,187.6,7,0.1876,0.015669014084507042,2239,-0.24435045025662328,14,NA,-0.08163364760086513
Men,North Macedonia,1998,29,23,187.6,7,0.1876,0.015669014084507042,2239,-0.24435045025662328,15,NA,0.21088692296890107
Men,North Macedonia,1999,29,23,187.6,7,0.1876,0.015669014084507042,2239,-0.24435045025662328,15,NA,0.21088692296890107
Men,Norway,1989,43,NA,104.2,0,0.1042,0.007042253521126761,7195,0.2812869580150135,9,0,-1.544236500449696
Men,Norway,1990,43,NA,104.2,0,0.1042,0.007042253521126761,7195,0.2812869580150135,15,0,0.21088692296890107
Men,Norway,1991,43,NA,104.2,0,0.1042,0.007042253521126761,7195,0.2812869580150135,16,0,0.5034074935386673
Men,Norway,1994,43,NA,104.2,0,0.1042,0.007042253521126761,7195,0.2812869580150135,11,0,-0.9591953593101638
Men,Norway,1996,43,NA,104.2,0,0.1042,0.007042253521126761,7195,0.2812869580150135,14,NA,-0.08163364760086513
Men,Poland,1988,9,25,567.6,4,0.5676,0.011971830985915494,16786,0.6628103395034199,19,2,1.3809692052479658
Men,Poland,1989,9,25,567.6,4,0.5676,0.011971830985915494,16786,0.6628103395034199,26,2,3.428613199236329
Men,Poland,1990,9,25,567.6,4,0.5676,0.011971830985915494,16786,0.6628103395034199,21,4,1.9660103463874983
Men,Poland,1991,9,25,567.6,4,0.5676,0.011971830985915494,16786,0.6628103395034199,15,0,0.21088692296890107
Men,Poland,1992,9,25,567.6,4,0.5676,0.011971830985915494,16786,0.6628103395034199,14,1,-0.08163364760086513
Men,Poland,1993,9,25,567.6,4,0.5676,0.011971830985915494,16786,0.6628103395034199,17,5,0.7959280641084334
Men,Poland,1994,9,25,567.6,4,0.5676,0.011971830985915494,16786,0.6628103395034199,16,1,0.5034074935386673
Men,Poland,1995,9,25,567.6,4,0.5676,0.011971830985915494,16786,0.6628103395034199,14,0,-0.08163364760086513
Men,Poland,1996,9,25,567.6,4,0.5676,0.011971830985915494,16786,0.6628103395034199,16,NA,0.5034074935386673
Men,Poland,1997,9,25,567.6,4,0.5676,0.011971830985915494,16786,0.6628103395034199,16,NA,0.5034074935386673
Men,Poland,1998,9,25,567.6,4,0.5676,0.011971830985915494,16786,0.6628103395034199,15,NA,0.21088692296890107
Men,Poland,1999,9,25,567.6,4,0.5676,0.011971830985915494,16786,0.6628103395034199,19,NA,1.3809692052479658
Men,Portugal,1988,34,NA,153,0,0.153,0.007042253521126761,3203,-0.08314191745648264,12,2,-0.6666747887403975
Men,Portugal,1989,34,NA,153,0,0.153,0.007042253521126761,3203,-0.08314191745648264,14,3,-0.08163364760086513
Men,Portugal,1990,34,NA,153,0,0.153,0.007042253521126761,3203,-0.08314191745648264,16,4,0.5034074935386673
Men,Portugal,1991,34,NA,153,0,0.153,0.007042253521126761,3203,-0.08314191745648264,17,2,0.7959280641084334
Men,Portugal,1992,34,NA,153,0,0.153,0.007042253521126761,3203,-0.08314191745648264,13,2,-0.3741542181706313
Men,Portugal,1993,34,NA,153,0,0.153,0.007042253521126761,3203,-0.08314191745648264,15,2,0.21088692296890107
Men,Portugal,1994,34,NA,153,0,0.153,0.007042253521126761,3203,-0.08314191745648264,14,4,-0.08163364760086513
Men,Portugal,1995,34,NA,153,0,0.153,0.007042253521126761,3203,-0.08314191745648264,13,0,-0.3741542181706313
Men,Portugal,1996,34,NA,153,0,0.153,0.007042253521126761,3203,-0.08314191745648264,11,NA,-0.9591953593101638
Men,Portugal,1997,34,NA,153,0,0.153,0.007042253521126761,3203,-0.08314191745648264,15,NA,0.21088692296890107
Men,Portugal,1998,34,NA,153,0,0.153,0.007042253521126761,3203,-0.08314191745648264,12,NA,-0.6666747887403975
Men,Portugal,1999,34,NA,153,0,0.153,0.007042253521126761,3203,-0.08314191745648264,17,NA,0.7959280641084334
Men,Romania,1988,30,NA,179.4,0,0.1794,0.007042253521126761,11610,0.4967700707139525,18,4,1.0884486346781996
Men,Romania,1989,30,NA,179.4,0,0.1794,0.007042253521126761,11610,0.4967700707139525,15,0,0.21088692296890107
Men,Romania,1990,30,NA,179.4,0,0.1794,0.007042253521126761,11610,0.4967700707139525,11,2,-0.9591953593101638
Men,Romania,1991,30,NA,179.4,0,0.1794,0.007042253521126761,11610,0.4967700707139525,13,1,-0.3741542181706313
Men,Romania,1992,30,NA,179.4,0,0.1794,0.007042253521126761,11610,0.4967700707139525,16,2,0.5034074935386673
Men,Romania,1993,30,NA,179.4,0,0.1794,0.007042253521126761,11610,0.4967700707139525,16,1,0.5034074935386673
Men,Romania,1994,30,NA,179.4,0,0.1794,0.007042253521126761,11610,0.4967700707139525,12,0,-0.6666747887403975
Men,Romania,1995,30,NA,179.4,0,0.1794,0.007042253521126761,11610,0.4967700707139525,17,1,0.7959280641084334
Men,Romania,1996,30,NA,179.4,0,0.1794,0.007042253521126761,11610,0.4967700707139525,13,NA,-0.3741542181706313
Men,Romania,1997,30,NA,179.4,0,0.1794,0.007042253521126761,11610,0.4967700707139525,15,NA,0.21088692296890107
Men,Romania,1998,30,NA,179.4,0,0.1794,0.007042253521126761,11610,0.4967700707139525,10,NA,-1.2517159298799299
Men,Romania,1999,30,NA,179.4,0,0.1794,0.007042253521126761,11610,0.4967700707139525,16,NA,0.5034074935386673
Men,Russia,1988,7,12,585.4,105,0.5854,0.136443661971831,7455,0.29727329749135617,19,1,1.3809692052479658
Men,Russia,1989,7,12,585.4,105,0.5854,0.136443661971831,7455,0.29727329749135617,18,2,1.0884486346781996
Men,Russia,1990,7,12,585.4,105,0.5854,0.136443661971831,7455,0.29727329749135617,22,2,2.2585309169572643
Men,Russia,1991,7,12,585.4,105,0.5854,0.136443661971831,7455,0.29727329749135617,27,4,3.7211337698060953
Men,Russia,1992,7,12,585.4,105,0.5854,0.136443661971831,7455,0.29727329749135617,21,1,1.9660103463874983
Men,Russia,1993,7,12,585.4,105,0.5854,0.136443661971831,7455,0.29727329749135617,24,2,2.8435720580967967
Men,Russia,1994,7,12,585.4,105,0.5854,0.136443661971831,7455,0.29727329749135617,17,3,0.7959280641084334
Men,Russia,1995,7,12,585.4,105,0.5854,0.136443661971831,7455,0.29727329749135617,17,1,0.7959280641084334
Men,Russia,1996,7,12,585.4,105,0.5854,0.136443661971831,7455,0.29727329749135617,20,NA,1.673489775817732
Men,Russia,1997,7,12,585.4,105,0.5854,0.136443661971831,7455,0.29727329749135617,17,NA,0.7959280641084334
Men,Russia,1998,7,12,585.4,105,0.5854,0.136443661971831,7455,0.29727329749135617,20,NA,1.673489775817732
Men,Russia,1999,7,12,585.4,105,0.5854,0.136443661971831,7455,0.29727329749135617,14,NA,-0.08163364760086513
Men,Serbia,1991,2,5,661.3,309,0.6613,0.3878521126760563,16766,0.6622734155868334,20,4,1.673489775817732
Men,Serbia,1992,2,5,661.3,309,0.6613,0.3878521126760563,16766,0.6622734155868334,15,1,0.21088692296890107
Men,Serbia,1993,2,5,661.3,309,0.6613,0.3878521126760563,16766,0.6622734155868334,17,2,0.7959280641084334
Men,Serbia,1994,2,5,661.3,309,0.6613,0.3878521126760563,16766,0.6622734155868334,16,2,0.5034074935386673
Men,Serbia,1995,2,5,661.3,309,0.6613,0.3878521126760563,16766,0.6622734155868334,22,5,2.2585309169572643
Men,Serbia,1996,2,5,661.3,309,0.6613,0.3878521126760563,16766,0.6622734155868334,14,NA,-0.08163364760086513
Men,Serbia,1997,2,5,661.3,309,0.6613,0.3878521126760563,16766,0.6622734155868334,15,NA,0.21088692296890107
Men,Serbia,1998,2,5,661.3,309,0.6613,0.3878521126760563,16766,0.6622734155868334,13,NA,-0.3741542181706313
Men,Serbia,1999,2,5,661.3,309,0.6613,0.3878521126760563,16766,0.6622734155868334,18,NA,1.0884486346781996
Men,Slovakia,1988,36,26,134,4,0.134,0.011971830985915494,2348,-0.22295028455675966,13,4,-0.3741542181706313
Men,Slovakia,1989,36,26,134,4,0.134,0.011971830985915494,2348,-0.22295028455675966,16,2,0.5034074935386673
Men,Slovakia,1990,36,26,134,4,0.134,0.011971830985915494,2348,-0.22295028455675966,19,3,1.3809692052479658
Men,Slovakia,1991,36,26,134,4,0.134,0.011971830985915494,2348,-0.22295028455675966,18,2,1.0884486346781996
Men,Slovakia,1992,36,26,134,4,0.134,0.011971830985915494,2348,-0.22295028455675966,20,2,1.673489775817732
Men,Slovakia,1993,36,26,134,4,0.134,0.011971830985915494,2348,-0.22295028455675966,14,2,-0.08163364760086513
Men,Slovakia,1994,36,26,134,4,0.134,0.011971830985915494,2348,-0.22295028455675966,17,5,0.7959280641084334
Men,Slovakia,1995,36,26,134,4,0.134,0.011971830985915494,2348,-0.22295028455675966,16,3,0.5034074935386673
Men,Slovakia,1996,36,26,134,4,0.134,0.011971830985915494,2348,-0.22295028455675966,10,NA,-1.2517159298799299
Men,Slovakia,1997,36,26,134,4,0.134,0.011971830985915494,2348,-0.22295028455675966,12,NA,-0.6666747887403975
Men,Slovakia,1998,36,26,134,4,0.134,0.011971830985915494,2348,-0.22295028455675966,14,NA,-0.08163364760086513
Men,Slovakia,1999,36,26,134,4,0.134,0.011971830985915494,2348,-0.22295028455675966,13,NA,-0.3741542181706313
Men,Slovenia,1988,12,15,496.4,67,0.49639999999999995,0.08961267605633803,2116,-0.2697871032479672,15,0,0.21088692296890107
Men,Slovenia,1989,12,15,496.4,67,0.49639999999999995,0.08961267605633803,2116,-0.2697871032479672,18,1,1.0884486346781996
Men,Slovenia,1990,12,15,496.4,67,0.49639999999999995,0.08961267605633803,2116,-0.2697871032479672,17,1,0.7959280641084334
Men,Slovenia,1991,12,15,496.4,67,0.49639999999999995,0.08961267605633803,2116,-0.2697871032479672,16,2,0.5034074935386673
Men,Slovenia,1992,12,15,496.4,67,0.49639999999999995,0.08961267605633803,2116,-0.2697871032479672,16,4,0.5034074935386673
Men,Slovenia,1993,12,15,496.4,67,0.49639999999999995,0.08961267605633803,2116,-0.2697871032479672,15,4,0.21088692296890107
Men,Slovenia,1994,12,15,496.4,67,0.49639999999999995,0.08961267605633803,2116,-0.2697871032479672,11,3,-0.9591953593101638
Men,Slovenia,1995,12,15,496.4,67,0.49639999999999995,0.08961267605633803,2116,-0.2697871032479672,18,3,1.0884486346781996
Men,Slovenia,1996,12,15,496.4,67,0.49639999999999995,0.08961267605633803,2116,-0.2697871032479672,15,NA,0.21088692296890107
Men,Slovenia,1997,12,15,496.4,67,0.49639999999999995,0.08961267605633803,2116,-0.2697871032479672,13,NA,-0.3741542181706313
Men,Slovenia,1998,12,15,496.4,67,0.49639999999999995,0.08961267605633803,2116,-0.2697871032479672,13,NA,-0.3741542181706313
Men,Slovenia,1999,12,15,496.4,67,0.49639999999999995,0.08961267605633803,2116,-0.2697871032479672,14,NA,-0.08163364760086513
Men,Spain,1988,1,1,722.9,378,0.7229,0.4728873239436619,276273,1.9242814184654855,16,1,0.5034074935386673
Men,Spain,1989,1,1,722.9,378,0.7229,0.4728873239436619,276273,1.9242814184654855,16,1,0.5034074935386673
Men,Spain,1990,1,1,722.9,378,0.7229,0.4728873239436619,276273,1.9242814184654855,19,1,1.3809692052479658
Men,Spain,1991,1,1,722.9,378,0.7229,0.4728873239436619,276273,1.9242814184654855,17,1,0.7959280641084334
Men,Spain,1992,1,1,722.9,378,0.7229,0.4728873239436619,276273,1.9242814184654855,18,1,1.0884486346781996
Men,Spain,1993,1,1,722.9,378,0.7229,0.4728873239436619,276273,1.9242814184654855,18,2,1.0884486346781996
Men,Spain,1994,1,1,722.9,378,0.7229,0.4728873239436619,276273,1.9242814184654855,15,4,0.21088692296890107
Men,Spain,1995,1,1,722.9,378,0.7229,0.4728873239436619,276273,1.9242814184654855,20,3,1.673489775817732
Men,Spain,1996,1,1,722.9,378,0.7229,0.4728873239436619,276273,1.9242814184654855,16,NA,0.5034074935386673
Men,Spain,1997,1,1,722.9,378,0.7229,0.4728873239436619,276273,1.9242814184654855,16,NA,0.5034074935386673
Men,Spain,1998,1,1,722.9,378,0.7229,0.4728873239436619,276273,1.9242814184654855,14,NA,-0.08163364760086513
Men,Spain,1999,1,1,722.9,378,0.7229,0.4728873239436619,276273,1.9242814184654855,15,NA,0.21088692296890107
Men,Sweden,1988,31,20,176.4,15,0.1764,0.025528169014084508,11700,0.5002477708737655,17,2,0.7959280641084334
Men,Sweden,1989,31,20,176.4,15,0.1764,0.025528169014084508,11700,0.5002477708737655,16,3,0.5034074935386673
Men,Sweden,1990,31,20,176.4,15,0.1764,0.025528169014084508,11700,0.5002477708737655,15,0,0.21088692296890107
Men,Sweden,1991,31,20,176.4,15,0.1764,0.025528169014084508,11700,0.5002477708737655,19,5,1.3809692052479658
Men,Sweden,1992,31,20,176.4,15,0.1764,0.025528169014084508,11700,0.5002477708737655,15,2,0.21088692296890107
Men,Sweden,1993,31,20,176.4,15,0.1764,0.025528169014084508,11700,0.5002477708737655,15,4,0.21088692296890107
Men,Sweden,1994,31,20,176.4,15,0.1764,0.025528169014084508,11700,0.5002477708737655,17,1,0.7959280641084334
Men,Sweden,1995,31,20,176.4,15,0.1764,0.025528169014084508,11700,0.5002477708737655,22,3,2.2585309169572643
Men,Sweden,1996,31,20,176.4,15,0.1764,0.025528169014084508,11700,0.5002477708737655,17,NA,0.7959280641084334
Men,Sweden,1997,31,20,176.4,15,0.1764,0.025528169014084508,11700,0.5002477708737655,18,NA,1.0884486346781996
Men,Sweden,1998,31,20,176.4,15,0.1764,0.025528169014084508,11700,0.5002477708737655,14,NA,-0.08163364760086513
Men,Sweden,1999,31,20,176.4,15,0.1764,0.025528169014084508,11700,0.5002477708737655,18,NA,1.0884486346781996
Men,Switzerland,1989,35,NA,151.5,0,0.1515,0.007042253521126761,9360,0.39975385652044604,14,0,-0.08163364760086513
Men,Switzerland,1990,35,NA,151.5,0,0.1515,0.007042253521126761,9360,0.39975385652044604,11,1,-0.9591953593101638
Men,Switzerland,1991,35,NA,151.5,0,0.1515,0.007042253521126761,9360,0.39975385652044604,13,6,-0.3741542181706313
Men,Switzerland,1992,35,NA,151.5,0,0.1515,0.007042253521126761,9360,0.39975385652044604,19,4,1.3809692052479658
Men,Switzerland,1993,35,NA,151.5,0,0.1515,0.007042253521126761,9360,0.39975385652044604,20,1,1.673489775817732
Men,Switzerland,1994,35,NA,151.5,0,0.1515,0.007042253521126761,9360,0.39975385652044604,16,3,0.5034074935386673
Men,Switzerland,1995,35,NA,151.5,0,0.1515,0.007042253521126761,9360,0.39975385652044604,21,3,1.9660103463874983
Men,Switzerland,1996,35,NA,151.5,0,0.1515,0.007042253521126761,9360,0.39975385652044604,14,NA,-0.08163364760086513
Men,Switzerland,1997,35,NA,151.5,0,0.1515,0.007042253521126761,9360,0.39975385652044604,10,NA,-1.2517159298799299
Men,Turkey,1988,11,4,513.2,311,0.5132000000000001,0.3903169014084507,42813,1.084500677183895,18,1,1.0884486346781996
Men,Turkey,1989,11,4,513.2,311,0.5132000000000001,0.3903169014084507,42813,1.084500677183895,10,1,-1.2517159298799299
Men,Turkey,1990,11,4,513.2,311,0.5132000000000001,0.3903169014084507,42813,1.084500677183895,15,4,0.21088692296890107
Men,Turkey,1991,11,4,513.2,311,0.5132000000000001,0.3903169014084507,42813,1.084500677183895,15,3,0.21088692296890107
Men,Turkey,1992,11,4,513.2,311,0.5132000000000001,0.3903169014084507,42813,1.084500677183895,17,2,0.7959280641084334
Men,Turkey,1993,11,4,513.2,311,0.5132000000000001,0.3903169014084507,42813,1.084500677183895,13,2,-0.3741542181706313
Men,Turkey,1994,11,4,513.2,311,0.5132000000000001,0.3903169014084507,42813,1.084500677183895,14,1,-0.08163364760086513
Men,Turkey,1995,11,4,513.2,311,0.5132000000000001,0.3903169014084507,42813,1.084500677183895,14,5,-0.08163364760086513
Men,Turkey,1996,11,4,513.2,311,0.5132000000000001,0.3903169014084507,42813,1.084500677183895,15,NA,0.21088692296890107
Men,Turkey,1997,11,4,513.2,311,0.5132000000000001,0.3903169014084507,42813,1.084500677183895,12,NA,-0.6666747887403975
Men,Turkey,1998,11,4,513.2,311,0.5132000000000001,0.3903169014084507,42813,1.084500677183895,13,NA,-0.3741542181706313
Men,Turkey,1999,11,4,513.2,311,0.5132000000000001,0.3903169014084507,42813,1.084500677183895,18,NA,1.0884486346781996
Men,Ukraine,1988,16,21,353,15,0.353,0.025528169014084508,3136,-0.09266023556148001,14,5,-0.08163364760086513
Men,Ukraine,1989,16,21,353,15,0.353,0.025528169014084508,3136,-0.09266023556148001,15,4,0.21088692296890107
Men,Ukraine,1990,16,21,353,15,0.353,0.025528169014084508,3136,-0.09266023556148001,17,1,0.7959280641084334
Men,Ukraine,1991,16,21,353,15,0.353,0.025528169014084508,3136,-0.09266023556148001,14,2,-0.08163364760086513
Men,Ukraine,1992,16,21,353,15,0.353,0.025528169014084508,3136,-0.09266023556148001,18,4,1.0884486346781996
Men,Ukraine,1993,16,21,353,15,0.353,0.025528169014084508,3136,-0.09266023556148001,12,2,-0.6666747887403975
Men,Ukraine,1994,16,21,353,15,0.353,0.025528169014084508,3136,-0.09266023556148001,17,1,0.7959280641084334
Men,Ukraine,1995,16,21,353,15,0.353,0.025528169014084508,3136,-0.09266023556148001,16,1,0.5034074935386673
Men,Ukraine,1996,16,21,353,15,0.353,0.025528169014084508,3136,-0.09266023556148001,15,NA,0.21088692296890107
Men,Ukraine,1997,16,21,353,15,0.353,0.025528169014084508,3136,-0.09266023556148001,15,NA,0.21088692296890107
Men,Ukraine,1998,16,21,353,15,0.353,0.025528169014084508,3136,-0.09266023556148001,16,NA,0.5034074935386673
Men,Ukraine,1999,16,21,353,15,0.353,0.025528169014084508,3136,-0.09266023556148001,17,NA,0.7959280641084334
Women,Belarus,1988,6,18,475.1,29,0.4751,0.04278169014084506,2362,-0.22027388447532803,14,5,-0.08163364760086513
Women,Belarus,1989,6,18,475.1,29,0.4751,0.04278169014084506,2362,-0.22027388447532803,7,1,-2.1292776415892285
Women,Belarus,1990,6,18,475.1,29,0.4751,0.04278169014084506,2362,-0.22027388447532803,8,0,-1.8367570710194623
Women,Belarus,1991,6,18,475.1,29,0.4751,0.04278169014084506,2362,-0.22027388447532803,7,0,-2.1292776415892285
Women,Belarus,1992,6,18,475.1,29,0.4751,0.04278169014084506,2362,-0.22027388447532803,11,1,-0.9591953593101638
Women,Belarus,1993,6,18,475.1,29,0.4751,0.04278169014084506,2362,-0.22027388447532803,11,1,-0.9591953593101638
Women,Belarus,1994,6,18,475.1,29,0.4751,0.04278169014084506,2362,-0.22027388447532803,15,3,0.21088692296890107
Women,Belarus,1995,6,18,475.1,29,0.4751,0.04278169014084506,2362,-0.22027388447532803,6,0,-2.4217982121589947
Women,Belarus,1996,6,18,475.1,29,0.4751,0.04278169014084506,2362,-0.22027388447532803,6,NA,-2.4217982121589947
Women,Belarus,1997,6,18,475.1,29,0.4751,0.04278169014084506,2362,-0.22027388447532803,11,NA,-0.9591953593101638
Women,Belarus,1998,6,18,475.1,29,0.4751,0.04278169014084506,2362,-0.22027388447532803,8,NA,-1.8367570710194623
Women,Belarus,1999,6,18,475.1,29,0.4751,0.04278169014084506,2362,-0.22027388447532803,7,NA,-2.1292776415892285
Women,Belgium,1988,4,7,585.7,160,0.5857,0.20422535211267606,21632,0.7770382410987278,10,3,-1.2517159298799299
Women,Belgium,1989,4,7,585.7,160,0.5857,0.20422535211267606,21632,0.7770382410987278,14,2,-0.08163364760086513
Women,Belgium,1990,4,7,585.7,160,0.5857,0.20422535211267606,21632,0.7770382410987278,14,2,-0.08163364760086513
Women,Belgium,1991,4,7,585.7,160,0.5857,0.20422535211267606,21632,0.7770382410987278,11,3,-0.9591953593101638
Women,Belgium,1992,4,7,585.7,160,0.5857,0.20422535211267606,21632,0.7770382410987278,13,3,-0.3741542181706313
Women,Belgium,1993,4,7,585.7,160,0.5857,0.20422535211267606,21632,0.7770382410987278,15,4,0.21088692296890107
Women,Belgium,1994,4,7,585.7,160,0.5857,0.20422535211267606,21632,0.7770382410987278,11,2,-0.9591953593101638
Women,Belgium,1995,4,7,585.7,160,0.5857,0.20422535211267606,21632,0.7770382410987278,10,2,-1.2517159298799299
Women,Belgium,1996,4,7,585.7,160,0.5857,0.20422535211267606,21632,0.7770382410987278,12,NA,-0.6666747887403975
Women,Belgium,1997,4,7,585.7,160,0.5857,0.20422535211267606,21632,0.7770382410987278,14,NA,-0.08163364760086513
Women,Belgium,1998,4,7,585.7,160,0.5857,0.20422535211267606,21632,0.7770382410987278,12,NA,-0.6666747887403975
Women,Belgium,1999,4,7,585.7,160,0.5857,0.20422535211267606,21632,0.7770382410987278,9,NA,-1.544236500449696
Women,Bosnia and Herzegovina,1988,23,21,149.2,18,0.1492,0.02922535211267606,794,-0.7109133923713052,9,1,-1.544236500449696
Women,Bosnia and Herzegovina,1989,23,21,149.2,18,0.1492,0.02922535211267606,794,-0.7109133923713052,9,4,-1.544236500449696
Women,Bosnia and Herzegovina,1990,23,21,149.2,18,0.1492,0.02922535211267606,794,-0.7109133923713052,13,3,-0.3741542181706313
Women,Bosnia and Herzegovina,1991,23,21,149.2,18,0.1492,0.02922535211267606,794,-0.7109133923713052,11,4,-0.9591953593101638
Women,Bosnia and Herzegovina,1992,23,21,149.2,18,0.1492,0.02922535211267606,794,-0.7109133923713052,9,3,-1.544236500449696
Women,Bosnia and Herzegovina,1995,23,21,149.2,18,0.1492,0.02922535211267606,794,-0.7109133923713052,7,3,-2.1292776415892285
Women,Bosnia and Herzegovina,1996,23,21,149.2,18,0.1492,0.02922535211267606,794,-0.7109133923713052,8,NA,-1.8367570710194623
Women,Bosnia and Herzegovina,1997,23,21,149.2,18,0.1492,0.02922535211267606,794,-0.7109133923713052,7,NA,-2.1292776415892285
Women,Bosnia and Herzegovina,1998,23,21,149.2,18,0.1492,0.02922535211267606,794,-0.7109133923713052,4,NA,-3.006839353298527
Women,Bulgaria,1988,28,NA,124.9,0,0.12490000000000001,0.007042253521126761,738,-0.7438123930620644,13,3,-0.3741542181706313
Women,Bulgaria,1989,28,NA,124.9,0,0.12490000000000001,0.007042253521126761,738,-0.7438123930620644,10,4,-1.2517159298799299
Women,Bulgaria,1990,28,NA,124.9,0,0.12490000000000001,0.007042253521126761,738,-0.7438123930620644,19,1,1.3809692052479658
Women,Bulgaria,1991,28,NA,124.9,0,0.12490000000000001,0.007042253521126761,738,-0.7438123930620644,11,2,-0.9591953593101638
Women,Bulgaria,1992,28,NA,124.9,0,0.12490000000000001,0.007042253521126761,738,-0.7438123930620644,11,1,-0.9591953593101638
Women,Bulgaria,1993,28,NA,124.9,0,0.12490000000000001,0.007042253521126761,738,-0.7438123930620644,11,0,-0.9591953593101638
Women,Bulgaria,1994,28,NA,124.9,0,0.12490000000000001,0.007042253521126761,738,-0.7438123930620644,14,3,-0.08163364760086513
Women,Bulgaria,1995,28,NA,124.9,0,0.12490000000000001,0.007042253521126761,738,-0.7438123930620644,7,0,-2.1292776415892285
Women,Bulgaria,1996,28,NA,124.9,0,0.12490000000000001,0.007042253521126761,738,-0.7438123930620644,14,NA,-0.08163364760086513
Women,Bulgaria,1997,28,NA,124.9,0,0.12490000000000001,0.007042253521126761,738,-0.7438123930620644,8,NA,-1.8367570710194623
Women,Bulgaria,1998,28,NA,124.9,0,0.12490000000000001,0.007042253521126761,738,-0.7438123930620644,13,NA,-0.3741542181706313
Women,Bulgaria,1999,28,NA,124.9,0,0.12490000000000001,0.007042253521126761,738,-0.7438123930620644,11,NA,-0.9591953593101638
Women,Croatia,1988,18,12,233.7,76,0.2337,0.10070422535211268,7210,0.2822248328053987,12,2,-0.6666747887403975
Women,Croatia,1989,18,12,233.7,76,0.2337,0.10070422535211268,7210,0.2822248328053987,13,2,-0.3741542181706313
Women,Croatia,1990,18,12,233.7,76,0.2337,0.10070422535211268,7210,0.2822248328053987,15,0,0.21088692296890107
Women,Croatia,1991,18,12,233.7,76,0.2337,0.10070422535211268,7210,0.2822248328053987,12,1,-0.6666747887403975
Women,Croatia,1992,18,12,233.7,76,0.2337,0.10070422535211268,7210,0.2822248328053987,13,1,-0.3741542181706313
Women,Croatia,1993,18,12,233.7,76,0.2337,0.10070422535211268,7210,0.2822248328053987,14,2,-0.08163364760086513
Women,Croatia,1994,18,12,233.7,76,0.2337,0.10070422535211268,7210,0.2822248328053987,9,5,-1.544236500449696
Women,Croatia,1995,18,12,233.7,76,0.2337,0.10070422535211268,7210,0.2822248328053987,13,0,-0.3741542181706313
Women,Croatia,1996,18,12,233.7,76,0.2337,0.10070422535211268,7210,0.2822248328053987,11,NA,-0.9591953593101638
Women,Croatia,1997,18,12,233.7,76,0.2337,0.10070422535211268,7210,0.2822248328053987,16,NA,0.5034074935386673
Women,Croatia,1998,18,12,233.7,76,0.2337,0.10070422535211268,7210,0.2822248328053987,9,NA,-1.544236500449696
Women,Croatia,1999,18,12,233.7,76,0.2337,0.10070422535211268,7210,0.2822248328053987,16,NA,0.5034074935386673
Women,Czech Republic,1988,10,6,334,211,0.334,0.2670774647887324,17456,0.6804371097249422,18,2,1.0884486346781996
Women,Czech Republic,1989,10,6,334,211,0.334,0.2670774647887324,17456,0.6804371097249422,17,1,0.7959280641084334
Women,Czech Republic,1990,10,6,334,211,0.334,0.2670774647887324,17456,0.6804371097249422,13,2,-0.3741542181706313
Women,Czech Republic,1991,10,6,334,211,0.334,0.2670774647887324,17456,0.6804371097249422,13,2,-0.3741542181706313
Women,Czech Republic,1992,10,6,334,211,0.334,0.2670774647887324,17456,0.6804371097249422,15,2,0.21088692296890107
Women,Czech Republic,1993,10,6,334,211,0.334,0.2670774647887324,17456,0.6804371097249422,14,0,-0.08163364760086513
Women,Czech Republic,1994,10,6,334,211,0.334,0.2670774647887324,17456,0.6804371097249422,17,2,0.7959280641084334
Women,Czech Republic,1995,10,6,334,211,0.334,0.2670774647887324,17456,0.6804371097249422,7,0,-2.1292776415892285
Women,Czech Republic,1996,10,6,334,211,0.334,0.2670774647887324,17456,0.6804371097249422,16,NA,0.5034074935386673
Women,Czech Republic,1997,10,6,334,211,0.334,0.2670774647887324,17456,0.6804371097249422,12,NA,-0.6666747887403975
Women,Czech Republic,1998,10,6,334,211,0.334,0.2670774647887324,17456,0.6804371097249422,16,NA,0.5034074935386673
Women,Czech Republic,1999,10,6,334,211,0.334,0.2670774647887324,17456,0.6804371097249422,14,NA,-0.08163364760086513
Women,Denmark,1992,30,23,111.8,13,0.1118,0.02306338028169014,5107,0.12692753968505333,12,0,-0.6666747887403975
Women,Denmark,1993,30,23,111.8,13,0.1118,0.02306338028169014,5107,0.12692753968505333,13,0,-0.3741542181706313
Women,Denmark,1994,30,23,111.8,13,0.1118,0.02306338028169014,5107,0.12692753968505333,12,1,-0.6666747887403975
Women,Denmark,1995,30,23,111.8,13,0.1118,0.02306338028169014,5107,0.12692753968505333,13,0,-0.3741542181706313
Women,Denmark,1996,30,23,111.8,13,0.1118,0.02306338028169014,5107,0.12692753968505333,11,NA,-0.9591953593101638
Women,Denmark,1997,30,23,111.8,13,0.1118,0.02306338028169014,5107,0.12692753968505333,14,NA,-0.08163364760086513
Women,Denmark,1998,30,23,111.8,13,0.1118,0.02306338028169014,5107,0.12692753968505333,15,NA,0.21088692296890107
Women,Denmark,1999,30,23,111.8,13,0.1118,0.02306338028169014,5107,0.12692753968505333,14,NA,-0.08163364760086513
Women,Estonia,1988,32,28,106.2,3,0.1062,0.01073943661971831,733,-0.7468701004888039,8,1,-1.8367570710194623
Women,Estonia,1989,32,28,106.2,3,0.1062,0.01073943661971831,733,-0.7468701004888039,8,3,-1.8367570710194623
Women,Estonia,1990,32,28,106.2,3,0.1062,0.01073943661971831,733,-0.7468701004888039,9,4,-1.544236500449696
Women,Estonia,1992,32,28,106.2,3,0.1062,0.01073943661971831,733,-0.7468701004888039,13,4,-0.3741542181706313
Women,Estonia,1996,32,28,106.2,3,0.1062,0.01073943661971831,733,-0.7468701004888039,8,NA,-1.8367570710194623
Women,Estonia,1997,32,28,106.2,3,0.1062,0.01073943661971831,733,-0.7468701004888039,8,NA,-1.8367570710194623
Women,Estonia,1998,32,28,106.2,3,0.1062,0.01073943661971831,733,-0.7468701004888039,8,NA,-1.8367570710194623
Women,Finland,1988,35,25,97.5,9,0.0975,0.01813380281690141,900,-0.6545400912562597,15,1,0.21088692296890107
Women,Finland,1989,35,25,97.5,9,0.0975,0.01813380281690141,900,-0.6545400912562597,10,2,-1.2517159298799299
Women,Finland,1990,35,25,97.5,9,0.0975,0.01813380281690141,900,-0.6545400912562597,15,2,0.21088692296890107
Women,Finland,1991,35,25,97.5,9,0.0975,0.01813380281690141,900,-0.6545400912562597,12,1,-0.6666747887403975
Women,Finland,1992,35,25,97.5,9,0.0975,0.01813380281690141,900,-0.6545400912562597,10,1,-1.2517159298799299
Women,Finland,1993,35,25,97.5,9,0.0975,0.01813380281690141,900,-0.6545400912562597,10,4,-1.2517159298799299
Women,Finland,1994,35,25,97.5,9,0.0975,0.01813380281690141,900,-0.6545400912562597,10,3,-1.2517159298799299
Women,Finland,1995,35,25,97.5,9,0.0975,0.01813380281690141,900,-0.6545400912562597,10,2,-1.2517159298799299
Women,Finland,1996,35,25,97.5,9,0.0975,0.01813380281690141,900,-0.6545400912562597,12,NA,-0.6666747887403975
Women,Finland,1997,35,25,97.5,9,0.0975,0.01813380281690141,900,-0.6545400912562597,14,NA,-0.08163364760086513
Women,Finland,1998,35,25,97.5,9,0.0975,0.01813380281690141,900,-0.6545400912562597,11,NA,-0.9591953593101638
Women,Finland,1999,35,25,97.5,9,0.0975,0.01813380281690141,900,-0.6545400912562597,13,NA,-0.3741542181706313
Women,France,1988,2,2,640.8,414,0.6407999999999999,0.5172535211267605,332555,2.0077921331725523,10,1,-1.2517159298799299
Women,France,1989,2,2,640.8,414,0.6407999999999999,0.5172535211267605,332555,2.0077921331725523,18,2,1.0884486346781996
Women,France,1990,2,2,640.8,414,0.6407999999999999,0.5172535211267605,332555,2.0077921331725523,13,0,-0.3741542181706313
Women,France,1991,2,2,640.8,414,0.6407999999999999,0.5172535211267605,332555,2.0077921331725523,17,1,0.7959280641084334
Women,France,1992,2,2,640.8,414,0.6407999999999999,0.5172535211267605,332555,2.0077921331725523,16,0,0.5034074935386673
Women,France,1993,2,2,640.8,414,0.6407999999999999,0.5172535211267605,332555,2.0077921331725523,16,2,0.5034074935386673
Women,France,1994,2,2,640.8,414,0.6407999999999999,0.5172535211267605,332555,2.0077921331725523,11,3,-0.9591953593101638
Women,France,1995,2,2,640.8,414,0.6407999999999999,0.5172535211267605,332555,2.0077921331725523,18,2,1.0884486346781996
Women,France,1996,2,2,640.8,414,0.6407999999999999,0.5172535211267605,332555,2.0077921331725523,17,NA,0.7959280641084334
Women,France,1997,2,2,640.8,414,0.6407999999999999,0.5172535211267605,332555,2.0077921331725523,14,NA,-0.08163364760086513
Women,France,1998,2,2,640.8,414,0.6407999999999999,0.5172535211267605,332555,2.0077921331725523,15,NA,0.21088692296890107
Women,France,1999,2,2,640.8,414,0.6407999999999999,0.5172535211267605,332555,2.0077921331725523,16,NA,0.5034074935386673
Women,Germany,1988,22,8,149.8,151,0.14980000000000002,0.1931338028169014,79986,1.3659993218830664,16,1,0.5034074935386673
Women,Germany,1989,22,8,149.8,151,0.14980000000000002,0.1931338028169014,79986,1.3659993218830664,17,3,0.7959280641084334
Women,Germany,1990,22,8,149.8,151,0.14980000000000002,0.1931338028169014,79986,1.3659993218830664,14,5,-0.08163364760086513
Women,Germany,1991,22,8,149.8,151,0.14980000000000002,0.1931338028169014,79986,1.3659993218830664,16,1,0.5034074935386673
Women,Germany,1992,22,8,149.8,151,0.14980000000000002,0.1931338028169014,79986,1.3659993218830664,16,4,0.5034074935386673
Women,Germany,1993,22,8,149.8,151,0.14980000000000002,0.1931338028169014,79986,1.3659993218830664,11,2,-0.9591953593101638
Women,Germany,1994,22,8,149.8,151,0.14980000000000002,0.1931338028169014,79986,1.3659993218830664,17,4,0.7959280641084334
Women,Germany,1995,22,8,149.8,151,0.14980000000000002,0.1931338028169014,79986,1.3659993218830664,11,2,-0.9591953593101638
Women,Germany,1996,22,8,149.8,151,0.14980000000000002,0.1931338028169014,79986,1.3659993218830664,14,NA,-0.08163364760086513
Women,Germany,1997,22,8,149.8,151,0.14980000000000002,0.1931338028169014,79986,1.3659993218830664,10,NA,-1.2517159298799299
Women,Germany,1998,22,8,149.8,151,0.14980000000000002,0.1931338028169014,79986,1.3659993218830664,13,NA,-0.3741542181706313
Women,Germany,1999,22,8,149.8,151,0.14980000000000002,0.1931338028169014,79986,1.3659993218830664,11,NA,-0.9591953593101638
Women,Great Britain,1988,11,27,333.5,3,0.3335,0.01073943661971831,9491,0.4060131428734927,11,2,-0.9591953593101638
Women,Great Britain,1989,11,27,333.5,3,0.3335,0.01073943661971831,9491,0.4060131428734927,14,3,-0.08163364760086513
Women,Great Britain,1990,11,27,333.5,3,0.3335,0.01073943661971831,9491,0.4060131428734927,19,1,1.3809692052479658
Women,Great Britain,1991,11,27,333.5,3,0.3335,0.01073943661971831,9491,0.4060131428734927,13,0,-0.3741542181706313
Women,Great Britain,1992,11,27,333.5,3,0.3335,0.01073943661971831,9491,0.4060131428734927,14,5,-0.08163364760086513
Women,Great Britain,1993,11,27,333.5,3,0.3335,0.01073943661971831,9491,0.4060131428734927,7,0,-2.1292776415892285
Women,Great Britain,1994,11,27,333.5,3,0.3335,0.01073943661971831,9491,0.4060131428734927,13,2,-0.3741542181706313
Women,Great Britain,1995,11,27,333.5,3,0.3335,0.01073943661971831,9491,0.4060131428734927,18,5,1.0884486346781996
Women,Great Britain,1996,11,27,333.5,3,0.3335,0.01073943661971831,9491,0.4060131428734927,9,NA,-1.544236500449696
Women,Great Britain,1997,11,27,333.5,3,0.3335,0.01073943661971831,9491,0.4060131428734927,17,NA,0.7959280641084334
Women,Great Britain,1998,11,27,333.5,3,0.3335,0.01073943661971831,9491,0.4060131428734927,15,NA,0.21088692296890107
Women,Great Britain,1999,11,27,333.5,3,0.3335,0.01073943661971831,9491,0.4060131428734927,14,NA,-0.08163364760086513
Women,Greece,1988,8,24,368,10,0.368,0.01936619718309859,41979,1.0756405096185249,8,1,-1.8367570710194623
Women,Greece,1989,8,24,368,10,0.368,0.01936619718309859,41979,1.0756405096185249,13,1,-0.3741542181706313
Women,Greece,1990,8,24,368,10,0.368,0.01936619718309859,41979,1.0756405096185249,16,2,0.5034074935386673
Women,Greece,1991,8,24,368,10,0.368,0.01936619718309859,41979,1.0756405096185249,10,1,-1.2517159298799299
Women,Greece,1992,8,24,368,10,0.368,0.01936619718309859,41979,1.0756405096185249,11,0,-0.9591953593101638
Women,Greece,1993,8,24,368,10,0.368,0.01936619718309859,41979,1.0756405096185249,14,2,-0.08163364760086513
Women,Greece,1994,8,24,368,10,0.368,0.01936619718309859,41979,1.0756405096185249,14,0,-0.08163364760086513
Women,Greece,1995,8,24,368,10,0.368,0.01936619718309859,41979,1.0756405096185249,14,1,-0.08163364760086513
Women,Greece,1996,8,24,368,10,0.368,0.01936619718309859,41979,1.0756405096185249,14,NA,-0.08163364760086513
Women,Greece,1997,8,24,368,10,0.368,0.01936619718309859,41979,1.0756405096185249,7,NA,-2.1292776415892285
Women,Greece,1998,8,24,368,10,0.368,0.01936619718309859,41979,1.0756405096185249,16,NA,0.5034074935386673
Women,Greece,1999,8,24,368,10,0.368,0.01936619718309859,41979,1.0756405096185249,13,NA,-0.3741542181706313
Women,Hungary,1988,17,5,257.9,247,0.25789999999999996,0.311443661971831,10460,0.4497940091600288,18,1,1.0884486346781996
Women,Hungary,1989,17,5,257.9,247,0.25789999999999996,0.311443661971831,10460,0.4497940091600288,16,2,0.5034074935386673
Women,Hungary,1990,17,5,257.9,247,0.25789999999999996,0.311443661971831,10460,0.4497940091600288,12,1,-0.6666747887403975
Women,Hungary,1991,17,5,257.9,247,0.25789999999999996,0.311443661971831,10460,0.4497940091600288,10,2,-1.2517159298799299
Women,Hungary,1992,17,5,257.9,247,0.25789999999999996,0.311443661971831,10460,0.4497940091600288,16,3,0.5034074935386673
Women,Hungary,1993,17,5,257.9,247,0.25789999999999996,0.311443661971831,10460,0.4497940091600288,9,2,-1.544236500449696
Women,Hungary,1994,17,5,257.9,247,0.25789999999999996,0.311443661971831,10460,0.4497940091600288,16,3,0.5034074935386673
Women,Hungary,1995,17,5,257.9,247,0.25789999999999996,0.311443661971831,10460,0.4497940091600288,18,1,1.0884486346781996
Women,Hungary,1996,17,5,257.9,247,0.25789999999999996,0.311443661971831,10460,0.4497940091600288,9,NA,-1.544236500449696
Women,Hungary,1997,17,5,257.9,247,0.25789999999999996,0.311443661971831,10460,0.4497940091600288,17,NA,0.7959280641084334
Women,Hungary,1998,17,5,257.9,247,0.25789999999999996,0.311443661971831,10460,0.4497940091600288,8,NA,-1.8367570710194623
Women,Hungary,1999,17,5,257.9,247,0.25789999999999996,0.311443661971831,10460,0.4497940091600288,18,NA,1.0884486346781996
Women,Ireland,1988,37,26,91.9,5,0.09190000000000001,0.013204225352112676,5336,0.1466801110860205,15,4,0.21088692296890107
Women,Ireland,1989,37,26,91.9,5,0.09190000000000001,0.013204225352112676,5336,0.1466801110860205,11,1,-0.9591953593101638
Women,Ireland,1990,37,26,91.9,5,0.09190000000000001,0.013204225352112676,5336,0.1466801110860205,19,3,1.3809692052479658
Women,Ireland,1997,37,26,91.9,5,0.09190000000000001,0.013204225352112676,5336,0.1466801110860205,18,NA,1.0884486346781996
Women,Ireland,1998,37,26,91.9,5,0.09190000000000001,0.013204225352112676,5336,0.1466801110860205,20,NA,1.673489775817732
Women,Ireland,1999,37,26,91.9,5,0.09190000000000001,0.013204225352112676,5336,0.1466801110860205,8,NA,-1.8367570710194623
Women,Israel,1988,24,20,147.6,20,0.14759999999999998,0.03169014084507042,4291,0.0485333647958767,12,0,-0.6666747887403975
Women,Israel,1989,24,20,147.6,20,0.14759999999999998,0.03169014084507042,4291,0.0485333647958767,12,2,-0.6666747887403975
Women,Israel,1990,24,20,147.6,20,0.14759999999999998,0.03169014084507042,4291,0.0485333647958767,11,1,-0.9591953593101638
Women,Israel,1991,24,20,147.6,20,0.14759999999999998,0.03169014084507042,4291,0.0485333647958767,13,1,-0.3741542181706313
Women,Israel,1992,24,20,147.6,20,0.14759999999999998,0.03169014084507042,4291,0.0485333647958767,13,1,-0.3741542181706313
Women,Israel,1993,24,20,147.6,20,0.14759999999999998,0.03169014084507042,4291,0.0485333647958767,16,0,0.5034074935386673
Women,Israel,1994,24,20,147.6,20,0.14759999999999998,0.03169014084507042,4291,0.0485333647958767,14,2,-0.08163364760086513
Women,Israel,1995,24,20,147.6,20,0.14759999999999998,0.03169014084507042,4291,0.0485333647958767,10,1,-1.2517159298799299
Women,Israel,1996,24,20,147.6,20,0.14759999999999998,0.03169014084507042,4291,0.0485333647958767,9,NA,-1.544236500449696
Women,Israel,1997,24,20,147.6,20,0.14759999999999998,0.03169014084507042,4291,0.0485333647958767,11,NA,-0.9591953593101638
Women,Israel,1998,24,20,147.6,20,0.14759999999999998,0.03169014084507042,4291,0.0485333647958767,11,NA,-0.9591953593101638
Women,Israel,1999,24,20,147.6,20,0.14759999999999998,0.03169014084507042,4291,0.0485333647958767,12,NA,-0.6666747887403975
Women,Italy,1988,9,3,345.4,315,0.3454,0.39524647887323944,49279,1.1478506631861018,15,3,0.21088692296890107
Women,Italy,1989,9,3,345.4,315,0.3454,0.39524647887323944,49279,1.1478506631861018,18,3,1.0884486346781996
Women,Italy,1990,9,3,345.4,315,0.3454,0.39524647887323944,49279,1.1478506631861018,12,1,-0.6666747887403975
Women,Italy,1991,9,3,345.4,315,0.3454,0.39524647887323944,49279,1.1478506631861018,20,1,1.673489775817732
Women,Italy,1992,9,3,345.4,315,0.3454,0.39524647887323944,49279,1.1478506631861018,16,2,0.5034074935386673
Women,Italy,1993,9,3,345.4,315,0.3454,0.39524647887323944,49279,1.1478506631861018,14,2,-0.08163364760086513
Women,Italy,1994,9,3,345.4,315,0.3454,0.39524647887323944,49279,1.1478506631861018,14,0,-0.08163364760086513
Women,Italy,1995,9,3,345.4,315,0.3454,0.39524647887323944,49279,1.1478506631861018,14,3,-0.08163364760086513
Women,Italy,1996,9,3,345.4,315,0.3454,0.39524647887323944,49279,1.1478506631861018,14,NA,-0.08163364760086513
Women,Italy,1997,9,3,345.4,315,0.3454,0.39524647887323944,49279,1.1478506631861018,16,NA,0.5034074935386673
Women,Italy,1998,9,3,345.4,315,0.3454,0.39524647887323944,49279,1.1478506631861018,13,NA,-0.3741542181706313
Women,Italy,1999,9,3,345.4,315,0.3454,0.39524647887323944,49279,1.1478506631861018,11,NA,-0.9591953593101638
Women,Latvia,1988,13,9,303.4,141,0.3034,0.18080985915492956,1600,-0.39561565467455495,10,1,-1.2517159298799299
Women,Latvia,1989,13,9,303.4,141,0.3034,0.18080985915492956,1600,-0.39561565467455495,8,2,-1.8367570710194623
Women,Latvia,1990,13,9,303.4,141,0.3034,0.18080985915492956,1600,-0.39561565467455495,12,4,-0.6666747887403975
Women,Latvia,1991,13,9,303.4,141,0.3034,0.18080985915492956,1600,-0.39561565467455495,14,4,-0.08163364760086513
Women,Latvia,1992,13,9,303.4,141,0.3034,0.18080985915492956,1600,-0.39561565467455495,10,1,-1.2517159298799299
Women,Latvia,1993,13,9,303.4,141,0.3034,0.18080985915492956,1600,-0.39561565467455495,10,0,-1.2517159298799299
Women,Latvia,1994,13,9,303.4,141,0.3034,0.18080985915492956,1600,-0.39561565467455495,12,2,-0.6666747887403975
Women,Latvia,1995,13,9,303.4,141,0.3034,0.18080985915492956,1600,-0.39561565467455495,9,0,-1.544236500449696
Women,Latvia,1996,13,9,303.4,141,0.3034,0.18080985915492956,1600,-0.39561565467455495,11,NA,-0.9591953593101638
Women,Latvia,1997,13,9,303.4,141,0.3034,0.18080985915492956,1600,-0.39561565467455495,12,NA,-0.6666747887403975
Women,Latvia,1998,13,9,303.4,141,0.3034,0.18080985915492956,1600,-0.39561565467455495,11,NA,-0.9591953593101638
Women,Latvia,1999,13,9,303.4,141,0.3034,0.18080985915492956,1600,-0.39561565467455495,14,NA,-0.08163364760086513
Women,Lithuania,1988,19,11,233.1,103,0.2331,0.13397887323943664,2337,-0.22506438458291572,11,1,-0.9591953593101638
Women,Lithuania,1989,19,11,233.1,103,0.2331,0.13397887323943664,2337,-0.22506438458291572,12,2,-0.6666747887403975
Women,Lithuania,1990,19,11,233.1,103,0.2331,0.13397887323943664,2337,-0.22506438458291572,16,7,0.5034074935386673
Women,Lithuania,1991,19,11,233.1,103,0.2331,0.13397887323943664,2337,-0.22506438458291572,12,3,-0.6666747887403975
Women,Lithuania,1992,19,11,233.1,103,0.2331,0.13397887323943664,2337,-0.22506438458291572,15,5,0.21088692296890107
Women,Lithuania,1993,19,11,233.1,103,0.2331,0.13397887323943664,2337,-0.22506438458291572,12,0,-0.6666747887403975
Women,Lithuania,1994,19,11,233.1,103,0.2331,0.13397887323943664,2337,-0.22506438458291572,13,0,-0.3741542181706313
Women,Lithuania,1995,19,11,233.1,103,0.2331,0.13397887323943664,2337,-0.22506438458291572,14,0,-0.08163364760086513
Women,Lithuania,1996,19,11,233.1,103,0.2331,0.13397887323943664,2337,-0.22506438458291572,13,NA,-0.3741542181706313
Women,Lithuania,1997,19,11,233.1,103,0.2331,0.13397887323943664,2337,-0.22506438458291572,8,NA,-1.8367570710194623
Women,Lithuania,1998,19,11,233.1,103,0.2331,0.13397887323943664,2337,-0.22506438458291572,11,NA,-0.9591953593101638
Women,Lithuania,1999,19,11,233.1,103,0.2331,0.13397887323943664,2337,-0.22506438458291572,10,NA,-1.2517159298799299
Women,Netherlands,1988,26,14,136.5,57,0.1365,0.07728873239436619,13133,0.5522823089195504,12,3,-0.6666747887403975
Women,Netherlands,1989,26,14,136.5,57,0.1365,0.07728873239436619,13133,0.5522823089195504,15,5,0.21088692296890107
Women,Netherlands,1990,26,14,136.5,57,0.1365,0.07728873239436619,13133,0.5522823089195504,12,5,-0.6666747887403975
Women,Netherlands,1991,26,14,136.5,57,0.1365,0.07728873239436619,13133,0.5522823089195504,13,1,-0.3741542181706313
Women,Netherlands,1992,26,14,136.5,57,0.1365,0.07728873239436619,13133,0.5522823089195504,10,4,-1.2517159298799299
Women,Netherlands,1993,26,14,136.5,57,0.1365,0.07728873239436619,13133,0.5522823089195504,12,5,-0.6666747887403975
Women,Netherlands,1994,26,14,136.5,57,0.1365,0.07728873239436619,13133,0.5522823089195504,12,2,-0.6666747887403975
Women,Netherlands,1995,26,14,136.5,57,0.1365,0.07728873239436619,13133,0.5522823089195504,9,2,-1.544236500449696
Women,Netherlands,1996,26,14,136.5,57,0.1365,0.07728873239436619,13133,0.5522823089195504,12,NA,-0.6666747887403975
Women,Netherlands,1997,26,14,136.5,57,0.1365,0.07728873239436619,13133,0.5522823089195504,12,NA,-0.6666747887403975
Women,Netherlands,1998,26,14,136.5,57,0.1365,0.07728873239436619,13133,0.5522823089195504,7,NA,-2.1292776415892285
Women,Netherlands,1999,26,14,136.5,57,0.1365,0.07728873239436619,13133,0.5522823089195504,14,NA,-0.08163364760086513
Women,Poland,1988,21,16,167.9,49,0.1679,0.06742957746478873,9173,0.39066538700643516,10,1,-1.2517159298799299
Women,Poland,1989,21,16,167.9,49,0.1679,0.06742957746478873,9173,0.39066538700643516,15,3,0.21088692296890107
Women,Poland,1990,21,16,167.9,49,0.1679,0.06742957746478873,9173,0.39066538700643516,15,0,0.21088692296890107
Women,Poland,1991,21,16,167.9,49,0.1679,0.06742957746478873,9173,0.39066538700643516,12,2,-0.6666747887403975
Women,Poland,1992,21,16,167.9,49,0.1679,0.06742957746478873,9173,0.39066538700643516,17,3,0.7959280641084334
Women,Poland,1993,21,16,167.9,49,0.1679,0.06742957746478873,9173,0.39066538700643516,8,1,-1.8367570710194623
Women,Poland,1994,21,16,167.9,49,0.1679,0.06742957746478873,9173,0.39066538700643516,19,4,1.3809692052479658
Women,Poland,1995,21,16,167.9,49,0.1679,0.06742957746478873,9173,0.39066538700643516,13,4,-0.3741542181706313
Women,Poland,1996,21,16,167.9,49,0.1679,0.06742957746478873,9173,0.39066538700643516,14,NA,-0.08163364760086513
Women,Poland,1997,21,16,167.9,49,0.1679,0.06742957746478873,9173,0.39066538700643516,13,NA,-0.3741542181706313
Women,Poland,1998,21,16,167.9,49,0.1679,0.06742957746478873,9173,0.39066538700643516,16,NA,0.5034074935386673
Women,Poland,1999,21,16,167.9,49,0.1679,0.06742957746478873,9173,0.39066538700643516,15,NA,0.21088692296890107
Women,Portugal,1988,27,15,130.9,56,0.13090000000000002,0.07605633802816902,1670,-0.37634138114906057,10,2,-1.2517159298799299
Women,Portugal,1989,27,15,130.9,56,0.13090000000000002,0.07605633802816902,1670,-0.37634138114906057,15,2,0.21088692296890107
Women,Portugal,1990,27,15,130.9,56,0.13090000000000002,0.07605633802816902,1670,-0.37634138114906057,12,4,-0.6666747887403975
Women,Portugal,1991,27,15,130.9,56,0.13090000000000002,0.07605633802816902,1670,-0.37634138114906057,8,3,-1.8367570710194623
Women,Portugal,1992,27,15,130.9,56,0.13090000000000002,0.07605633802816902,1670,-0.37634138114906057,14,4,-0.08163364760086513
Women,Portugal,1993,27,15,130.9,56,0.13090000000000002,0.07605633802816902,1670,-0.37634138114906057,9,3,-1.544236500449696
Women,Portugal,1994,27,15,130.9,56,0.13090000000000002,0.07605633802816902,1670,-0.37634138114906057,9,1,-1.544236500449696
Women,Portugal,1995,27,15,130.9,56,0.13090000000000002,0.07605633802816902,1670,-0.37634138114906057,13,3,-0.3741542181706313
Women,Portugal,1996,27,15,130.9,56,0.13090000000000002,0.07605633802816902,1670,-0.37634138114906057,10,NA,-1.2517159298799299
Women,Portugal,1997,27,15,130.9,56,0.13090000000000002,0.07605633802816902,1670,-0.37634138114906057,12,NA,-0.6666747887403975
Women,Portugal,1998,27,15,130.9,56,0.13090000000000002,0.07605633802816902,1670,-0.37634138114906057,9,NA,-1.544236500449696
Women,Portugal,1999,27,15,130.9,56,0.13090000000000002,0.07605633802816902,1670,-0.37634138114906057,13,NA,-0.3741542181706313
Women,Romania,1988,25,29,138.1,3,0.1381,0.01073943661971831,7575,0.30446448656149167,11,2,-0.9591953593101638
Women,Romania,1989,25,29,138.1,3,0.1381,0.01073943661971831,7575,0.30446448656149167,8,3,-1.8367570710194623
Women,Romania,1990,25,29,138.1,3,0.1381,0.01073943661971831,7575,0.30446448656149167,14,2,-0.08163364760086513
Women,Romania,1991,25,29,138.1,3,0.1381,0.01073943661971831,7575,0.30446448656149167,9,1,-1.544236500449696
Women,Romania,1992,25,29,138.1,3,0.1381,0.01073943661971831,7575,0.30446448656149167,11,2,-0.9591953593101638
Women,Romania,1993,25,29,138.1,3,0.1381,0.01073943661971831,7575,0.30446448656149167,12,2,-0.6666747887403975
Women,Romania,1994,25,29,138.1,3,0.1381,0.01073943661971831,7575,0.30446448656149167,9,2,-1.544236500449696
Women,Romania,1995,25,29,138.1,3,0.1381,0.01073943661971831,7575,0.30446448656149167,15,0,0.21088692296890107
Women,Romania,1996,25,29,138.1,3,0.1381,0.01073943661971831,7575,0.30446448656149167,13,NA,-0.3741542181706313
Women,Romania,1997,25,29,138.1,3,0.1381,0.01073943661971831,7575,0.30446448656149167,14,NA,-0.08163364760086513
Women,Romania,1998,25,29,138.1,3,0.1381,0.01073943661971831,7575,0.30446448656149167,12,NA,-0.6666747887403975
Women,Romania,1999,25,29,138.1,3,0.1381,0.01073943661971831,7575,0.30446448656149167,13,NA,-0.3741542181706313
Women,Russia,1988,7,4,400.9,288,0.4009,0.3619718309859155,3985,0.015219813081556757,19,1,1.3809692052479658
Women,Russia,1989,7,4,400.9,288,0.4009,0.3619718309859155,3985,0.015219813081556757,18,3,1.0884486346781996
Women,Russia,1990,7,4,400.9,288,0.4009,0.3619718309859155,3985,0.015219813081556757,16,1,0.5034074935386673
Women,Russia,1991,7,4,400.9,288,0.4009,0.3619718309859155,3985,0.015219813081556757,16,1,0.5034074935386673
Women,Russia,1992,7,4,400.9,288,0.4009,0.3619718309859155,3985,0.015219813081556757,18,0,1.0884486346781996
Women,Russia,1993,7,4,400.9,288,0.4009,0.3619718309859155,3985,0.015219813081556757,14,3,-0.08163364760086513
Women,Russia,1994,7,4,400.9,288,0.4009,0.3619718309859155,3985,0.015219813081556757,14,3,-0.08163364760086513
Women,Russia,1995,7,4,400.9,288,0.4009,0.3619718309859155,3985,0.015219813081556757,12,1,-0.6666747887403975
Women,Russia,1996,7,4,400.9,288,0.4009,0.3619718309859155,3985,0.015219813081556757,16,NA,0.5034074935386673
Women,Russia,1997,7,4,400.9,288,0.4009,0.3619718309859155,3985,0.015219813081556757,15,NA,0.21088692296890107
Women,Russia,1998,7,4,400.9,288,0.4009,0.3619718309859155,3985,0.015219813081556757,14,NA,-0.08163364760086513
Women,Russia,1999,7,4,400.9,288,0.4009,0.3619718309859155,3985,0.015219813081556757,15,NA,0.21088692296890107
Women,Serbia,1991,5,10,579.4,108,0.5794,0.14014084507042254,2242,-0.24374764145717356,15,3,0.21088692296890107
Women,Serbia,1992,5,10,579.4,108,0.5794,0.14014084507042254,2242,-0.24374764145717356,10,0,-1.2517159298799299
Women,Serbia,1993,5,10,579.4,108,0.5794,0.14014084507042254,2242,-0.24374764145717356,14,1,-0.08163364760086513
Women,Serbia,1994,5,10,579.4,108,0.5794,0.14014084507042254,2242,-0.24374764145717356,12,2,-0.6666747887403975
Women,Serbia,1995,5,10,579.4,108,0.5794,0.14014084507042254,2242,-0.24374764145717356,16,2,0.5034074935386673
Women,Serbia,1996,5,10,579.4,108,0.5794,0.14014084507042254,2242,-0.24374764145717356,10,NA,-1.2517159298799299
Women,Serbia,1997,5,10,579.4,108,0.5794,0.14014084507042254,2242,-0.24374764145717356,10,NA,-1.2517159298799299
Women,Serbia,1998,5,10,579.4,108,0.5794,0.14014084507042254,2242,-0.24374764145717356,12,NA,-0.6666747887403975
Women,Serbia,1999,5,10,579.4,108,0.5794,0.14014084507042254,2242,-0.24374764145717356,10,NA,-1.2517159298799299
Women,Slovakia,1988,15,22,275.2,17,0.2752,0.027992957746478874,2278,-0.23657617253687127,7,1,-2.1292776415892285
Women,Slovakia,1989,15,22,275.2,17,0.2752,0.027992957746478874,2278,-0.23657617253687127,14,3,-0.08163364760086513
Women,Slovakia,1990,15,22,275.2,17,0.2752,0.027992957746478874,2278,-0.23657617253687127,14,3,-0.08163364760086513
Women,Slovakia,1991,15,22,275.2,17,0.2752,0.027992957746478874,2278,-0.23657617253687127,10,2,-1.2517159298799299
Women,Slovakia,1992,15,22,275.2,17,0.2752,0.027992957746478874,2278,-0.23657617253687127,14,2,-0.08163364760086513
Women,Slovakia,1993,15,22,275.2,17,0.2752,0.027992957746478874,2278,-0.23657617253687127,13,3,-0.3741542181706313
Women,Slovakia,1994,15,22,275.2,17,0.2752,0.027992957746478874,2278,-0.23657617253687127,13,3,-0.3741542181706313
Women,Slovakia,1995,15,22,275.2,17,0.2752,0.027992957746478874,2278,-0.23657617253687127,15,3,0.21088692296890107
Women,Slovakia,1996,15,22,275.2,17,0.2752,0.027992957746478874,2278,-0.23657617253687127,6,NA,-2.4217982121589947
Women,Slovakia,1997,15,22,275.2,17,0.2752,0.027992957746478874,2278,-0.23657617253687127,15,NA,0.21088692296890107
Women,Slovakia,1998,15,22,275.2,17,0.2752,0.027992957746478874,2278,-0.23657617253687127,12,NA,-0.6666747887403975
Women,Slovakia,1999,15,22,275.2,17,0.2752,0.027992957746478874,2278,-0.23657617253687127,16,NA,0.5034074935386673
Women,Slovenia,1990,20,17,232.6,38,0.2326,0.05387323943661972,425,-0.9919183096223894,8,4,-1.8367570710194623
Women,Slovenia,1991,20,17,232.6,38,0.2326,0.05387323943661972,425,-0.9919183096223894,9,2,-1.544236500449696
Women,Slovenia,1992,20,17,232.6,38,0.2326,0.05387323943661972,425,-0.9919183096223894,9,4,-1.544236500449696
Women,Slovenia,1993,20,17,232.6,38,0.2326,0.05387323943661972,425,-0.9919183096223894,7,1,-2.1292776415892285
Women,Slovenia,1994,20,17,232.6,38,0.2326,0.05387323943661972,425,-0.9919183096223894,14,1,-0.08163364760086513
Women,Slovenia,1995,20,17,232.6,38,0.2326,0.05387323943661972,425,-0.9919183096223894,8,2,-1.8367570710194623
Women,Slovenia,1996,20,17,232.6,38,0.2326,0.05387323943661972,425,-0.9919183096223894,8,NA,-1.8367570710194623
Women,Slovenia,1997,20,17,232.6,38,0.2326,0.05387323943661972,425,-0.9919183096223894,15,NA,0.21088692296890107
Women,Slovenia,1998,20,17,232.6,38,0.2326,0.05387323943661972,425,-0.9919183096223894,8,NA,-1.8367570710194623
Women,Slovenia,1999,20,17,232.6,38,0.2326,0.05387323943661972,425,-0.9919183096223894,11,NA,-0.9591953593101638
Women,Spain,1988,1,1,692.2,473,0.6922,0.5899647887323944,94698,1.4420443104131009,10,0,-1.2517159298799299
Women,Spain,1989,1,1,692.2,473,0.6922,0.5899647887323944,94698,1.4420443104131009,15,3,0.21088692296890107
Women,Spain,1990,1,1,692.2,473,0.6922,0.5899647887323944,94698,1.4420443104131009,12,2,-0.6666747887403975
Women,Spain,1991,1,1,692.2,473,0.6922,0.5899647887323944,94698,1.4420443104131009,13,3,-0.3741542181706313
Women,Spain,1992,1,1,692.2,473,0.6922,0.5899647887323944,94698,1.4420443104131009,13,2,-0.3741542181706313
Women,Spain,1993,1,1,692.2,473,0.6922,0.5899647887323944,94698,1.4420443104131009,15,0,0.21088692296890107
Women,Spain,1994,1,1,692.2,473,0.6922,0.5899647887323944,94698,1.4420443104131009,14,1,-0.08163364760086513
Women,Spain,1995,1,1,692.2,473,0.6922,0.5899647887323944,94698,1.4420443104131009,14,2,-0.08163364760086513
Women,Spain,1996,1,1,692.2,473,0.6922,0.5899647887323944,94698,1.4420443104131009,15,NA,0.21088692296890107
Women,Spain,1997,1,1,692.2,473,0.6922,0.5899647887323944,94698,1.4420443104131009,14,NA,-0.08163364760086513
Women,Spain,1998,1,1,692.2,473,0.6922,0.5899647887323944,94698,1.4420443104131009,16,NA,0.5034074935386673
Women,Spain,1999,1,1,692.2,473,0.6922,0.5899647887323944,94698,1.4420443104131009,16,NA,0.5034074935386673
Women,Sweden,1988,12,19,315,22,0.315,0.034154929577464785,10500,0.4515129257548851,13,6,-0.3741542181706313
Women,Sweden,1989,12,19,315,22,0.315,0.034154929577464785,10500,0.4515129257548851,13,4,-0.3741542181706313
Women,Sweden,1990,12,19,315,22,0.315,0.034154929577464785,10500,0.4515129257548851,11,2,-0.9591953593101638
Women,Sweden,1991,12,19,315,22,0.315,0.034154929577464785,10500,0.4515129257548851,15,1,0.21088692296890107
Women,Sweden,1992,12,19,315,22,0.315,0.034154929577464785,10500,0.4515129257548851,9,3,-1.544236500449696
Women,Sweden,1993,12,19,315,22,0.315,0.034154929577464785,10500,0.4515129257548851,16,6,0.5034074935386673
Women,Sweden,1994,12,19,315,22,0.315,0.034154929577464785,10500,0.4515129257548851,15,0,0.21088692296890107
Women,Sweden,1995,12,19,315,22,0.315,0.034154929577464785,10500,0.4515129257548851,15,0,0.21088692296890107
Women,Sweden,1996,12,19,315,22,0.315,0.034154929577464785,10500,0.4515129257548851,17,NA,0.7959280641084334
Women,Sweden,1997,12,19,315,22,0.315,0.034154929577464785,10500,0.4515129257548851,17,NA,0.7959280641084334
Women,Sweden,1998,12,19,315,22,0.315,0.034154929577464785,10500,0.4515129257548851,16,NA,0.5034074935386673
Women,Sweden,1999,12,19,315,22,0.315,0.034154929577464785,10500,0.4515129257548851,16,NA,0.5034074935386673
Women,Switzerland,1992,34,NA,98.1,0,0.09809999999999999,0.007042253521126761,3425,-0.05296819882163741,11,4,-0.9591953593101638
Women,Switzerland,1993,34,NA,98.1,0,0.09809999999999999,0.007042253521126761,3425,-0.05296819882163741,11,3,-0.9591953593101638
Women,Switzerland,1994,34,NA,98.1,0,0.09809999999999999,0.007042253521126761,3425,-0.05296819882163741,10,1,-1.2517159298799299
Women,Switzerland,1995,34,NA,98.1,0,0.09809999999999999,0.007042253521126761,3425,-0.05296819882163741,11,2,-0.9591953593101638
Women,Switzerland,1997,34,NA,98.1,0,0.09809999999999999,0.007042253521126761,3425,-0.05296819882163741,12,NA,-0.6666747887403975
Women,Turkey,1988,3,13,598.7,67,0.5987,0.08961267605633803,9525,0.40762357171289904,9,4,-1.544236500449696
Women,Turkey,1989,3,13,598.7,67,0.5987,0.08961267605633803,9525,0.40762357171289904,13,3,-0.3741542181706313
Women,Turkey,1990,3,13,598.7,67,0.5987,0.08961267605633803,9525,0.40762357171289904,15,2,0.21088692296890107
Women,Turkey,1991,3,13,598.7,67,0.5987,0.08961267605633803,9525,0.40762357171289904,12,2,-0.6666747887403975
Women,Turkey,1992,3,13,598.7,67,0.5987,0.08961267605633803,9525,0.40762357171289904,13,1,-0.3741542181706313
Women,Turkey,1993,3,13,598.7,67,0.5987,0.08961267605633803,9525,0.40762357171289904,14,2,-0.08163364760086513
Women,Turkey,1994,3,13,598.7,67,0.5987,0.08961267605633803,9525,0.40762357171289904,12,3,-0.6666747887403975
Women,Turkey,1995,3,13,598.7,67,0.5987,0.08961267605633803,9525,0.40762357171289904,13,3,-0.3741542181706313
Women,Turkey,1996,3,13,598.7,67,0.5987,0.08961267605633803,9525,0.40762357171289904,10,NA,-1.2517159298799299
Women,Turkey,1997,3,13,598.7,67,0.5987,0.08961267605633803,9525,0.40762357171289904,12,NA,-0.6666747887403975
Women,Turkey,1998,3,13,598.7,67,0.5987,0.08961267605633803,9525,0.40762357171289904,9,NA,-1.544236500449696
Women,Turkey,1999,3,13,598.7,67,0.5987,0.08961267605633803,9525,0.40762357171289904,10,NA,-1.2517159298799299
Women,Ukraine,1988,16,NA,270.5,0,0.2705,0.007042253521126761,1022,-0.5973441977741146,9,1,-1.544236500449696
Women,Ukraine,1989,16,NA,270.5,0,0.2705,0.007042253521126761,1022,-0.5973441977741146,14,4,-0.08163364760086513
Women,Ukraine,1990,16,NA,270.5,0,0.2705,0.007042253521126761,1022,-0.5973441977741146,12,2,-0.6666747887403975
Women,Ukraine,1991,16,NA,270.5,0,0.2705,0.007042253521126761,1022,-0.5973441977741146,14,3,-0.08163364760086513
Women,Ukraine,1992,16,NA,270.5,0,0.2705,0.007042253521126761,1022,-0.5973441977741146,8,1,-1.8367570710194623
Women,Ukraine,1993,16,NA,270.5,0,0.2705,0.007042253521126761,1022,-0.5973441977741146,14,3,-0.08163364760086513
Women,Ukraine,1994,16,NA,270.5,0,0.2705,0.007042253521126761,1022,-0.5973441977741146,10,1,-1.2517159298799299
Women,Ukraine,1995,16,NA,270.5,0,0.2705,0.007042253521126761,1022,-0.5973441977741146,16,1,0.5034074935386673
Women,Ukraine,1996,16,NA,270.5,0,0.2705,0.007042253521126761,1022,-0.5973441977741146,11,NA,-0.9591953593101638
Women,Ukraine,1997,16,NA,270.5,0,0.2705,0.007042253521126761,1022,-0.5973441977741146,11,NA,-0.9591953593101638
Women,Ukraine,1998,16,NA,270.5,0,0.2705,0.007042253521126761,1022,-0.5973441977741146,13,NA,-0.3741542181706313
Women,Ukraine,1999,16,NA,270.5,0,0.2705,0.007042253521126761,1022,-0.5973441977741146,12,NA,-0.6666747887403975
